example_id	judgment	text	ipa	segmentation	gloss	translation	rule_refs	violated_rule_refs	lexeme_refs	notes
EX-0001	✓	panat	pa.ˈnat	pan-a-t	tree-TH-LOC	at the tree	G-MORPH-010,G-MORPH-011		L-0024	GROWING theme remains before LOC.
EX-0002	✓	panit	pa.ˈnit	pan-i-t	wood-LNK-LOC	at/on the wood	G-MORPH-002,G-MORPH-010		L-0025	MADE noun takes generalized i-linker before consonant-only LOC.
EX-0003	✓	kasut	ka.ˈsut	kas-u-t	wild.fire-TH-LOC	at the wild/natural fire	G-MORPH-010,G-MORPH-011		L-0020	LAND/WATER construal.
EX-0004	✓	kasit	ka.ˈsit	kas-i-t	hearth-LNK-LOC	at the hearth/controlled fire	G-MORPH-002,G-MORPH-010		L-0021	MADE construal of the same semantic root.
EX-0005	✓	tanat	ta.ˈnat	tan-a-t	forest.vegetation-TH-LOC	in/at the living forest vegetation	G-MORPH-010,G-MORPH-011		L-0030	GROWING forest construal.
EX-0006	✓	tanut	ta.ˈnut	tan-u-t	forest.tract-TH-LOC	in/at the forest tract	G-MORPH-010,G-MORPH-011		L-0031	LAND/WATER forest-land construal.
EX-0007	✓	nurum	nu.ˈrum	nur-u-m	river-TH-INS	by means of the river / using the river	G-MORPH-002,G-MORPH-011		L-0027	Ordinary INS contrasts with conservative PERL.
EX-0008	✓	nurumi	nu.ˈru.mi	nur-u-mi	river-TH-PERL	along/by way of the river	G-MORPH-002,G-MORPH-011		L-0027	Canonical route noun preserving PERL -mi.
EX-0009	✓	ram	ram	ram	boat.INS	by boat	G-MORPH-011		L-0038	Lexicalized fossil INS is syncretic with ABS.
EX-0010	✓	rammi	ˈram.mi	ram-mi	boat-PERL	along/by way of boat	G-PHON-005,G-MORPH-002,G-MORPH-011		L-0038	Conservative PERL -mi supplies a following nucleus, permitting gemination.
EX-0011	✓	pirik	pi.ˈrik	pir-i-k	child-TH-ERG	child (ERG)	G-MORPH-002,G-MORPH-010		L-0018	Citation apocope is blocked when suffixation protects the i-theme.
EX-0012	✓	tamî	ta.ˈmi	tam-i-i	hand-TH-1.POSS	my hand	G-PHON-008,G-MORPH-016		L-0022	Theme i plus 1POSS i contracts to heavy î.
EX-0013	✓	murut	mu.ˈrut	mur-u-t	stone-TH-LOC	at the stone	G-MORPH-011		L-0026	Apocopated ABS mur restores protected u-theme before LOC.
EX-0014	✓	panasit	pa.na.ˈsit	pan-a-s-i-t	tree-TH-COLL-LNK-LOC	at a bounded stand/group of trees	G-MORPH-014		L-0024	COLL/PCL blocks the conservative GROWING case pocket and selects generalized i-linker.
EX-0015	✓	kirye	ˈki.rje	kir-i-e	eye-TH-DU	the pair of eyes	G-PHON-008,G-MORPH-012		L-0023	Natural-pair dual; i+e > ye.
EX-0016	✓	ruki	ˈru.ki	r-u-k-i	move-REAL-A.1-NPST	I move / I go deliberately	G-MORPH-005,G-MORPH-006,G-SYN-002		L-0005	Active-biased fluid-S use with A agreement and post-root agent indexing.
EX-0017	✓	nikmui	ˈnik.mu.i	n-k-m-u-i	U-1-sleep-REAL-NPST	I sleep / I am asleep	G-PHON-010,G-MORPH-005,G-MORPH-006,G-SYN-002		L-0003	Inactive-S controls U; epenthetic i repairs the initial consonant chain.
EX-0018	✓	sinuki	si.ˈnu.ki	sn-u-k-i	remember-REAL-1-NPST	I deliberately recall / bring it to mind	G-PHON-010,G-MORPH-005,G-MORPH-006,G-SYN-002		L-0009	Agentive KNOW/REMEMBER construal denotes deliberate recall/attention.
EX-0019	✓	pan niptiruki	pan nip.ti.ˈru.ki	pan n-p-tr-u-k-i	wood.ABS U-3-cut-REAL-A.1-NPST	I cut the wood	G-PHON-011,G-PHON-010,G-MORPH-005,G-MORPH-006,G-SYN-001		L-0025,L-0011	Ordinary transitive alignment: the patient controls U and the actor A; protected consonant chains are repaired by i-epenthesis. Surface form reflects productive minimum repair and compact syllabification.
EX-0020	✓	yinptirui	jimp.ti.ˈru.i	y-n-p-tr-u-i	MID-U-3-cut-REAL-NPST	it splits / cuts open	G-PHON-011,G-PHON-010,G-MORPH-006,G-MORPH-017,G-SYN-002		L-0011	Productive CUT anticausative uses MID plus U agreement; protected MID triggers regular epenthetic repair. Surface form reflects productive minimum repair and compact syllabification.
EX-0021	✓	rukki	ˈruk.ki	r-u-h-k-i	move-REAL-INST-A.1-NPST	I make a salient move / move on this occasion	G-PHON-010,G-MORPH-006,G-MORPH-018		L-0005	INST h strengthens following A.1 k to kk.
EX-0022	✓	rukiyi	ru.ˈki.ji	r-u-k-i-y	move-REAL-A.1-NPST-IPFV	I am moving	G-PHON-010,G-MORPH-007		L-0005	Word-final protected IPFV y surfaces as -yi by repair.
EX-0023	✓	rukir	ru.ˈkir	r-u-k-i-r	move-REAL-A.1-NPST-HAB	I habitually move / go	G-MORPH-007		L-0005	HAB is outer viewpoint aspect and remains distinct from lexical PLACT.
EX-0024	✓	sê nar	se nar	se-e nar	see-DEP person.ABS	a person who sees / witnesses	G-PHON-008,G-MORPH-005,G-SYN-006		L-0008,L-0017	DEP e forms the attributive/relative predicate; se+e contracts to heavy ê.
EX-0025	✓	tirane	ti.ˈra.ne	tr-a-n-e	cut-NF-EVENT-ESS	while cutting	G-PHON-010,G-MORPH-003		L-0011	Canonical circumstantial converb is EVENT+ESS; no ABL is required.
EX-0026	✓	panin sa	pa.ˈnin sa	pan-i-n sa	wood-LNK-GEN PART	some / a portion of the wood	G-MORPH-002,G-MORPH-020		L-0025,L-0040	The whole is GEN; sa is the partitive head.
EX-0027	✓	narrir	nar.ˈrir	nar-rir	person-SOC.DAT	to/for the person (social construal)	G-PHON-005,G-MORPH-011		L-0017	SOCIAL DAT suppresses ordinary theme/linker; stem-final r plus suffix-initial r forms a geminate.
EX-0028	✓	narrima	ˈnar.ri.ma	nar-rima	person-SOC.COM	with the person (social construal)	G-PHON-005,G-MORPH-011		L-0017	SOCIAL COM is the fossil -rima case allomorph.
EX-0029	✓	tanun	ta.ˈnun	tan-u-n	forest.tract-TH-GEN	of the forest tract	G-MORPH-011		L-0031	Stored LAND/WATER theme surfaces regularly before GEN; this is no longer a case-specific residue.
EX-0030	✓	narye	ˈna.rje	nar-i-e	person-TH-ESS	as a person / in the role of a person	G-PHON-008,G-MORPH-011		L-0017	ABS.SG apocope hides the stored ANIMATE i-theme; suffixation reveals it and i+e > ye.
EX-0031	✓	seneri nar	se.ˈne.ri nar	sen-e-ri nar	good-DEP-PERSON.CLF person.ABS	a good/suitable person	G-MORPH-013,G-SYN-003		L-0015,L-0017	PERSON classifier follows the DEP stative predicate.
EX-0032	✓	rusineki	ru.si.ˈne.ki	r-u-sine-k-i	move-REAL-ABLE-A.1-NPST	I can go	G-MORPH-019		L-0005,L-0009	Young ABLE AUX is KNOW/REMEMBER DEP sine.
EX-0033	✓	rukesineki	ru.ke.si.ˈne.ki	r-u-ke-sine-k-i	move-REAL-BEGIN-ABLE-A.1-NPST	I can begin to go	G-MORPH-019		L-0005,L-0009	Contrastive scope regression: default BEGIN→ABLE gives ABLE(BEGIN(V)); ordinary noncontrastive discourse often restructures.
EX-0034	✓	rusinekeki	ru.si.ne.ˈke.ki	r-u-sine-ke-k-i	move-REAL-ABLE-BEGIN-A.1-NPST	I begin to be able to go	G-MORPH-019		L-0005,L-0009	Contrastive scope regression: reversed ABLE→BEGIN gives BEGIN(ABLE(V)); the marked two-AUX word is retained because scope matters.
EX-0035	✓	ruyereki	ru.je.ˈre.ki	r-u-ye-re-k-i	move-REAL-CONTINUE-INTEND-A.1-NPST	I intend to continue going	G-MORPH-019		L-0005	Contrastive scope regression: default CONTINUE→INTEND gives INTEND(CONTINUE(V)).
EX-0036	✓	rureyeki	ru.re.ˈje.ki	r-u-re-ye-k-i	move-REAL-INTEND-CONTINUE-A.1-NPST	I continue intending to go	G-MORPH-019		L-0005	Contrastive scope regression: reversed INTEND→CONTINUE gives CONTINUE(INTEND(V)).
EX-0037	✓	pan tiruki	pan ti.ˈru.ki	pan tr-u-k-i	wood.BNI cut-REAL-A.1-NPST	I cut wood / I am wood-cutting	G-PHON-010,G-SYN-005		L-0025,L-0011	BNI theme is immediately preverbal, non-PO, and does not control U.
EX-0038	✓	pan tiruki. tirane ta mituki.	pan ti.ˈru.ki ti.ˈra.ne ta mi.ˈtu.ki	pan tr-u-k-i tr-a-n-e ta mt-u-k-i	wood.BNI cut-REAL-A.1-NPST cut-NF-EVENT-ESS tool.ABS make-REAL-A.1-NPST	I cut wood. While cutting, I make a tool.	G-MORPH-003,G-SYN-005,G-SYN-008,G-DISC-003		L-0025,L-0011,L-0039,L-0010	Connected regression: BNI remains backgrounded; the converb precedes the matrix clause and the recoverable same actor is omitted.
EX-0039	✓	yinpsikui	jimp.si.ˈku.i	y-n-p-sk-u-i	MID-U-3-burn-REAL-NPST	it burns without an external causer	G-PHON-011,G-PHON-010,G-MORPH-006,G-MORPH-017,G-SYN-002		L-0012	Unseen MID regression on BURN/COOK: external Actor is suppressed and the inactive S is U-indexed. Surface form reflects productive minimum repair and compact syllabification.
EX-0040	✓	pan matruki	pan ˈmat.ru.ki	pan ma-tr-u-k-i	wood.BNI ANTIP-cut-REAL-A.1-NPST	I cut wood non-specifically / I do wood-cutting	G-MORPH-017,G-SYN-004,G-SYN-005		L-0025,L-0011	ANTIP demotes the theme; the bare theme is immediately preverbal BNI and therefore does not control U.
EX-0041	✓	ta pirir nipmiturki	ta pi.ˈrir nip.mi.ˈtur.ki	ta pir-i-r n-p-mt-u-r-k-i	tool.ABS child-TH-DAT U-3-make-REAL-AFF-A.1-NPST	I make a tool for the child	G-PHON-011,G-MORPH-002,G-MORPH-006,G-MORPH-009,G-SYN-004		L-0039,L-0018,L-0010	AFFECTED integrates the beneficiary as PO-eligible while DAT remains overt; the applied participant precedes the verb. Surface form reflects productive minimum repair and compact syllabification.
EX-0042	✓	narrir niphupki	nar.ˈrir nip.ˈhup.ki	nar-rir n-p-h-u-p-k-i	person-SOC.DAT U-3-say-REAL-ORI-A.1-NPST	I speak to / address the person	G-PHON-011,G-MORPH-009,G-MORPH-011,G-SYN-004		L-0017,L-0001	ORIENTEE licenses an addressee as applied PO while person-sensitive DAT remains visible. Surface form reflects productive minimum repair and compact syllabification.
EX-0043	✓	nurumi niprumki	nu.ˈru.mi nip.ˈrum.ki	nur-u-mi n-p-r-u-m-k-i	river-TH-PERL U-3-move-REAL-GRD-A.1-NPST	I travel along the river	G-PHON-011,G-MORPH-002,G-MORPH-009,G-MORPH-011,G-SYN-004,G-SEM-002		L-0027,L-0005	PERL supplies the route relation while GROUND integrates that route participant into core event structure; U indexes the applied PO. Surface form reflects productive minimum repair and compact syllabification.
EX-0044	✓	pir nipsesmuki	pir nip.ˈses.mu.ki	pir n-p-se-s-m-u-k-i	child.ABS U-3-see-PLACT-LEX.CAUS-REAL-A.1-NPST	I make the child witness repeatedly	G-PHON-011,G-MORPH-006,G-MORPH-015,G-SYN-004		L-0018,L-0008	Productive ROOT-s-m regression: LEX.CAUS scopes over PLACT. The lexical-vocalic e is separated from grade by the derivational consonants. Surface form reflects productive minimum repair and compact syllabification.
EX-0045	✓	pan tirukesineki	pan ti.ru.ke.si.ˈne.ki	pan tr-u-ke-sine-k-i	wood.BNI cut-REAL-BEGIN-ABLE-A.1-NPST	I can begin wood-cutting	G-MORPH-019,G-SYN-005		L-0025,L-0011,L-0009	Marked two-AUX scope test on CUT: BEGIN→ABLE yields ABLE(BEGIN(V)); noncontrastive discourse normally restructures.
EX-0046	✓	pan tirusinekeki	pan ti.ru.si.ne.ˈke.ki	pan tr-u-sine-ke-k-i	wood.BNI cut-REAL-ABLE-BEGIN-A.1-NPST	I begin to be able to cut wood	G-MORPH-019,G-SYN-005		L-0025,L-0011,L-0009	Marked two-AUX scope test on CUT: ABLE→BEGIN yields BEGIN(ABLE(V)).
EX-0047	✓	ta mituyereki	ta mi.tu.je.ˈre.ki	ta mt-u-ye-re-k-i	tool.BNI make-REAL-CONTINUE-INTEND-A.1-NPST	I intend to continue making tools	G-MORPH-019,G-SYN-005		L-0039,L-0010,L-0005	Marked two-AUX scope test on MAKE: CONTINUE→INTEND yields INTEND(CONTINUE(V)); the generic tool theme is BNI.
EX-0048	✓	ta mitureyeki	ta mi.tu.re.ˈje.ki	ta mt-u-re-ye-k-i	tool.BNI make-REAL-INTEND-CONTINUE-A.1-NPST	I continue intending to make tools	G-MORPH-019,G-SYN-005		L-0039,L-0010,L-0005	Marked two-AUX scope test on MAKE: INTEND→CONTINUE yields CONTINUE(INTEND(V)).
EX-0049	✓	pan tiruteseneki	pan ti.ru.te.se.ˈne.ki	pan tr-u-te-sene-k-i	wood.BNI cut-REAL-FINISH-NECESSARY-A.1-NPST	I need to finish wood-cutting	G-MORPH-019,G-SYN-005		L-0025,L-0011,L-0015	Marked two-AUX scope test: FINISH plus NECESSARY retains both operators because their relative scope is semantically relevant.
EX-0050	✓	sê narik nurumi rupi. pan narik niptirupi. tirane ta mitupi. rappa pirir niphuppi. pirik rupi.	se na.ˈrik nu.ˈru.mi ˈru.pi pan na.ˈrik nip.ti.ˈru.pi ti.ˈra.ne ta mi.ˈtu.pi ˈrap.pa pi.ˈrir nip.ˈhup.pi pi.ˈrik ˈru.pi	se-e nar-i-k nur-u-mi r-u-p-i pan nar-i-k n-p-tr-u-p-i tr-a-n-e ta mt-u-p-i r-a-p-p-a pir-i-r n-p-h-u-p-p-i pir-i-k r-u-p-i	see-DEP person-TH-ERG river-TH-PERL move-REAL-A.3-NPST wood.ABS person-TH-ERG U-3-cut-REAL-A.3-NPST cut-NF-EVENT-ESS tool.BNI make-REAL-A.3-NPST move-NF-FACT-A.3-PST child-TH-DAT U-3-say-REAL-ORI-A.3-NPST child-TH-ERG move-REAL-A.3-NPST	The person who witnesses travels along the river. As for the wood, the person cuts it. While cutting, they make tools. They tell the child that they went. The child goes.	G-PHON-011,G-MORPH-003,G-MORPH-005,G-MORPH-006,G-MORPH-009,G-SYN-001,G-SYN-005,G-SYN-006,G-SYN-008,G-DISC-001,G-DISC-003		L-0008,L-0017,L-0027,L-0005,L-0025,L-0011,L-0039,L-0010,L-0001,L-0018	Connected regression: DEP relative modifies the subject; object-topic fronting places PO before the overt subject; the converb licenses same-actor omission; tool is BNI and unindexed; FACT precedes the matrix SAY predicate; ORIENTEE makes the child the applied PO; after two third-person human referents are active, the child is overtly reintroduced before the final clause. Surface form reflects productive minimum repair and compact syllabification.
EX-0051	✓	karumi	ka.ˈru.mi	kar-u-mi	upland-TH-PERL	through/along the upland	G-MORPH-002,G-MORPH-010,G-MORPH-011		L-0029	Productive PERL -mi applies to ordinary route construals; no lexical licensing is required.
EX-0052	*	karum	ka.ˈrum	kar-u-m	upland-TH-INS	intended: through/along the upland		G-MORPH-002	L-0029	INS -m no longer supplies ordinary route PERL; route meaning requires productive -mi.
EX-0053	✓	ta syar pirir nitkurpki	ta sjar pi.ˈrir nit.ˈkurp.ki	ta si-ar pir-i-r n-t-k-u-r-p-k-i	tool.ABS 2SG-DAT child-TH-DAT U-2-handle-REAL-AFF-ORI-A.1-NPST	I transfer the tool for you to the child	G-PHON-011,G-MORPH-006,G-MORPH-009,G-SYN-004		L-0039,L-0018,L-0006	AFF applies first; outer ORI makes the child PO. Local inner 2SG nevertheless overrides U and remains overtly DAT-marked. Surface form reflects productive minimum repair and compact syllabification.
EX-0054	✓	ta pirir syar nitkupirki	ta pi.ˈrir sjar nit.ku.ˈpir.ki	ta pir-i-r si-ar n-t-k-u-p-r-k-i	tool.ABS child-TH-DAT 2SG-DAT U-2-handle-REAL-ORI-AFF-A.1-NPST	I transfer the tool to the child for you	G-PHON-011,G-MORPH-006,G-MORPH-009,G-SYN-004		L-0039,L-0018,L-0006	ORI applies first; outer AFF makes 2SG the PO. The reversed applicative order therefore changes both scope and PO assignment. Surface form reflects productive minimum repair and compact syllabification.
EX-0055	✓	ta syar nitmituki	ta sjar nit.mi.ˈtu.ki	ta si-ar n-t-mt-u-k-i	tool.ABS 2SG-DAT U-2-make-REAL-A.1-NPST	I make the tool for you	G-PHON-011,G-MORPH-006,G-SYN-004		L-0039,L-0010	The third-person tool remains PO, but local non-PO 2SG controls U and stays overtly DAT-marked. Surface form reflects productive minimum repair and compact syllabification.
EX-0056	*	ta nitmituki	ta nit.mi.ˈtu.ki	ta n-t-mt-u-k-i	tool.ABS U-2-make-REAL-A.1-NPST	intended: I make the tool for you		G-MORPH-006,G-SYN-004	L-0039,L-0010	Under the intended structure the local non-PO U-controller has been omitted, leaving its grammatical relation unrecoverable. Surface form reflects productive minimum repair and compact syllabification.
EX-0057	✓	narik niphep pir	na.ˈrik nip.ˈhep pir	nar-i-k n-p-h-e-p pir	person-TH-ERG U-3-say-DEP-ORI child.ABS	the child whom the person addresses	G-PHON-011,G-MORPH-006,G-SYN-006		L-0017,L-0018,L-0001	The relativized child is PO and U-controller, so its third-person U trace is obligatory. Surface form reflects productive minimum repair and compact syllabification.
EX-0058	*	narik hep pir	na.ˈrik hep pir	nar-i-k h-e-p pir	person-TH-ERG say-DEP-ORI child.ABS	intended: the child whom the person addresses		G-SYN-006	L-0017,L-0018,L-0001	A PO relative that controls U cannot suppress its U trace.
EX-0059	✓	narik syar nitkep ta	na.ˈrik sjar nit.ˈkep ta	nar-i-k si-ar n-t-k-e-p ta	person-TH-ERG 2SG-DAT U-2-handle-DEP-ORI tool.ABS	the tool that the person transfers to you	G-PHON-011,G-MORPH-006,G-MORPH-009,G-SYN-006		L-0017,L-0039,L-0006	The applied 2SG recipient is PO/U-controller; the relativized theme is a non-PO core object and leaves no U trace. Surface form reflects productive minimum repair and compact syllabification.
EX-0060	*	narik syar nipkep ta	na.ˈrik sjar nip.ˈkep ta	nar-i-k si-ar n-p-k-e-p ta	person-TH-ERG 2SG-DAT U-3-handle-DEP-ORI tool.ABS	intended: the tool that the person transfers to you		G-MORPH-006,G-SYN-006	L-0017,L-0039,L-0006	The non-PO relative head cannot steal U from the local applied PO. Surface form reflects productive minimum repair and compact syllabification.
EX-0061	✓	samis niprimsuki	sa.ˈmis nip.ˈrim.su.ki	sam-i-s n-p-r-m-s-u-k-i	herd.animal-TH-COLL U-3-herd-REAL-A.1-NPST	I drive a bounded herd about	G-PHON-011,G-MORPH-014,G-MORPH-015		L-0033,L-0041	Canonical lexicalized r-m-s stem. Its internal reverse order is stored lexically. Surface form reflects productive minimum repair and compact syllabification.
EX-0062	*	pir nipsemsuki	pir nip.ˈsem.su.ki	pir n-p-se-m-s-u-k-i	child.ABS U-3-see-LEX.CAUS-PLACT-REAL-A.1-NPST	intended: I repeatedly make the child witness		G-MORPH-015	L-0018,L-0008	ROOT-m-s is not a productive derivational order; use productive se-s-m or a separately lexicalized stem. Surface form reflects productive minimum repair and compact syllabification.
EX-0063	✓	ta inpkuki	ta ˈimp.ku.ki	ta i-n-p-k-u-k-i	tool.ABS INC-U-3-handle-REAL-A.1-NPST	I receive/take the tool toward myself	G-PHON-004,G-MORPH-008,G-SEM-003		L-0039,L-0006	INCREASE conventionalizes inward transfer; REL i- supplies the nucleus allowing U n to syllabify as a coda, with phonetic [m] before p.
EX-0064	✓	ta nipkuki	ta ˈnip.ku.ki	ta n-p-k-u-k-i	tool.ABS U-3-handle-REAL-A.1-NPST	I handle/transfer the tool	G-PHON-011,G-MORPH-008,G-SEM-003		L-0039,L-0006	MAINTAIN is the neutral transfer baseline. Surface form reflects productive minimum repair and compact syllabification.
EX-0065	✓	ta anpkuki	ta ˈamp.ku.ki	ta a-n-p-k-u-k-i	tool.ABS DEC-U-3-handle-REAL-A.1-NPST	I give/send the tool away	G-PHON-004,G-MORPH-008,G-SEM-003		L-0039,L-0006	DECREASE conventionalizes outward transfer; REL a- supplies the preceding nucleus and n assimilates phonetically before p.
EX-0066	✓	pir nipkinui	pir nip.ki.ˈnu.i	pir n-p-kn-u-i	child.ABS U-3-sit-REAL-NPST	the child is seated / remains seated	G-MORPH-006,G-SEM-003,G-SYN-002		L-0018,L-0042	The posture root is fixed U/stative under MAINTAIN.
EX-0067	✓	pir inpkinui	pir imp.ki.ˈnu.i	pir i-n-p-kn-u-i	child.ABS INC-U-3-sit-REAL-NPST	the child sits down / settles into the posture	G-PHON-004,G-MORPH-008,G-SEM-003,G-SYN-002		L-0018,L-0042	INCREASE derives entry into the seated/settled posture; REL permits coda n before the following p.
EX-0068	✓	pir anpkinui	pir amp.ki.ˈnu.i	pir a-n-p-kn-u-i	child.ABS DEC-U-3-sit-REAL-NPST	the child rises / leaves the seated posture	G-PHON-004,G-MORPH-008,G-SEM-003,G-SYN-002		L-0018,L-0042	DECREASE derives exit from the posture; REL permits coda n before the following p.
EX-0069	*	narik pirir niphuppi. rupi.	na.ˈrik pi.ˈrir nip.ˈhup.pi ˈru.pi	nar-i-k pir-i-r n-p-h-u-p-p-i r-u-p-i	person-TH-ERG child-TH-DAT U-3-say-REAL-ORI-A.3-NPST move-REAL-A.3-NPST	intended: the person addresses the child; then the child goes		G-DISC-003	L-0017,L-0018,L-0001,L-0005	The preceding SAY clause leaves two third-person PERSONs as discourse-prominent core participants, so bare A.3 on MOVE cannot uniquely identify the child; lexical reintroduction is required.
EX-0070	✓	narik pan tirupi	na.ˈrik pan ti.ˈru.pi	nar-i-k pan tr-u-p-i	person-TH-ERG wood.BNI cut-REAL-A.3-NPST	THE PERSON is wood-cutting	G-SYN-001,G-SYN-005		L-0017,L-0025,L-0011	With contrastive focus on the subject, the focused NP immediately precedes the [BNI V] unit; BNI itself remains verb-adjacent.
EX-0071	*	pan narik tirupi	pan na.ˈrik ti.ˈru.pi	pan nar-i-k tr-u-p-i	wood.BNI person-TH-ERG cut-REAL-A.3-NPST	intended: THE PERSON is wood-cutting		G-SYN-001,G-SYN-005	L-0017,L-0025,L-0011	A separate focused constituent cannot intervene between genuine BNI and its verb.
EX-0072	✓	narik niphep pirik nurumi rupi. samis pirik niprimsupi. ta syar nitmituki. ta syar pirir nitkurpki. narik syar nitkep ta pirik nipsyupi. pir inpkinui. ta narik anpkupi. pirik rupi.	na.ˈrik nip.ˈhep pi.ˈrik nu.ˈru.mi ˈru.pi sa.ˈmis pi.ˈrik nip.ˈrim.su.pi ta sjar nit.mi.ˈtu.ki ta sjar pi.ˈrir nit.ˈkurp.ki na.ˈrik sjar nit.ˈkep ta pi.ˈrik ˈnip.sju.pi pir imp.ki.ˈnu.i ta na.ˈrik ˈamp.ku.pi pi.ˈrik ˈru.pi	nar-i-k n-p-h-e-p pir-i-k nur-u-mi r-u-p-i sam-i-s pir-i-k n-p-r-m-s-u-p-i ta si-ar n-t-mt-u-k-i ta si-ar pir-i-r n-t-k-u-r-p-k-i nar-i-k si-ar n-t-k-e-p ta pir-i-k n-p-se-u-p-i pir i-n-p-kn-u-i ta nar-i-k a-n-p-k-u-p-i pir-i-k r-u-p-i	person-TH-ERG U-3-say-DEP-ORI child-TH-ERG river-TH-PERL move-REAL-A.3-NPST herd.animal-TH-COLL child-TH-ERG U-3-herd-REAL-A.3-NPST tool.ABS 2SG-DAT U-2-make-REAL-A.1-NPST tool.ABS 2SG-DAT child-TH-DAT U-2-handle-REAL-AFF-ORI-A.1-NPST person-TH-ERG 2SG-DAT U-2-handle-DEP-ORI tool.ABS child-TH-ERG U-3-see-REAL-A.3-NPST child.ABS INC-U-3-sit-REAL-NPST tool.ABS person-TH-ERG DEC-U-3-handle-REAL-A.3-NPST child-TH-ERG move-REAL-A.3-NPST	The child whom the person addresses travels along the river. The CHILD drives a small herd about. As for the tool, I make it for you. I transfer the tool for you to the child. The tool that the person transfers to you, the child sees. The child sits down. The person gives the tool away. The child goes.	G-PHON-011,G-PHON-004,G-MORPH-002,G-MORPH-006,G-MORPH-008,G-MORPH-009,G-MORPH-011,G-MORPH-014,G-MORPH-015,G-SYN-001,G-SYN-004,G-SYN-006,G-SYN-008,G-SEM-003,G-DISC-003		L-0001,L-0005,L-0006,L-0008,L-0010,L-0017,L-0018,L-0027,L-0033,L-0039,L-0041,L-0042	Connected stress test: PO relative preserves U; contrastive subject focus precedes the predicate; lexicalized r-m-s is productive only as its stored lexeme; topical tool is clause-initial; local non-PO 2SG overtly overrides U; AFF>ORI makes the child PO while 2SG controls U; the non-PO theme relative retains U-2 for its applied PO; posture and transfer REL triplets are used in discourse; final lexical child reintroduction resolves competing third-person PERSON referents. Surface form reflects productive minimum repair and compact syllabification.
EX-0073	✓	nuru narik nipsyupi. a niphurui.	ˈnu.ru na.ˈrik ˈnip.sju.pi a nip.hu.ˈru.i	nur-u nar-i-k n-p-se-u-p-i a n-p-hur-u-i	river-TH person-TH-ERG U-3-see-REAL-A.3-NPST 3.THING U-3-cold-REAL-NPST	The person sees the river. It (THING = the river) is cold.	G-PHON-011,G-MORPH-006,G-SYN-002,G-DISC-002,G-DISC-003		L-0008,L-0016,L-0017,L-0027	PERSON/THING contrast uniquely resolves the mixed third-person reference, so the independent THING pronoun is sufficient and lexical NP repetition is unnecessary. Surface form reflects productive minimum repair and compact syllabification.
EX-0074	✓	kat sikupi	kat si.ˈku.pi	kat s-k-u-p-i	gift.BNI RECP-handle-REAL-A.3-NPST	they exchange gifts / give gifts to one another	G-MORPH-008,G-MORPH-017,G-SEM-003		L-0006,L-0045	RECP is licensed on HANDLE/TRANSFER only with neutral MAINTAIN REL; low-referential gift is BNI.
EX-0075	*	kat iskupi	kat ˈis.ku.pi	kat i-s-k-u-p-i	gift.BNI INC-RECP-handle-REAL-A.3-NPST	intended: they reciprocally receive/take gifts toward themselves		G-SEM-003	L-0006,L-0045	INCREASE HANDLE/TRANSFER is deictically inward and is lexically blocked under RECP.
EX-0076	*	kat askupi	kat ˈas.ku.pi	kat a-s-k-u-p-i	gift.BNI DEC-RECP-handle-REAL-A.3-NPST	intended: they reciprocally give/send gifts away		G-SEM-003	L-0006,L-0045	DECREASE HANDLE/TRANSFER is deictically outward and is lexically blocked under RECP; reciprocal exchange uses MAINTAIN.
EX-0077	✓	nata nipsemupi	ˈna.ta nip.se.ˈmu.pi	nat-a n-p-se-m-u-p-i	seed-TH U-3-see-LEX.CAUS-REAL-A.3-NPST	they show / make the seed visible	G-MORPH-006,G-MORPH-008,G-MORPH-015,G-SEM-003		L-0008,L-0043	LEX.CAUS of SEE/WITNESS conventionalizes the neutral SHOW member of the visibility profile.
EX-0078	✓	nata inpsemupi	ˈna.ta imp.se.ˈmu.pi	nat-a i-n-p-se-m-u-p-i	seed-TH INC-U-3-see-LEX.CAUS-REAL-A.3-NPST	they reveal / bring the seed into view	G-PHON-004,G-MORPH-006,G-MORPH-008,G-MORPH-015,G-SEM-003		L-0008,L-0043	INCREASE on causativized SEE gives REVEAL; phonetic nasal place assimilation applies before p.
EX-0079	✓	nata anpsemupi	ˈna.ta amp.se.ˈmu.pi	nat-a a-n-p-se-m-u-p-i	seed-TH DEC-U-3-see-LEX.CAUS-REAL-A.3-NPST	they hide / remove the seed from view	G-PHON-004,G-MORPH-006,G-MORPH-008,G-MORPH-015,G-SEM-003		L-0008,L-0043	DECREASE on causativized SEE gives HIDE/CONCEAL; this is distinct from bare SEE.
EX-0080	✓	nurue inprui	nu.ˈru.e ˈimp.ru.i	nur-u-e i-n-p-r-u-i	river-TH-ESS INC-U-3-move-REAL-NPST	they become a river / enter riverhood	G-PHON-008,G-MORPH-002,G-MORPH-008,G-SEM-002,G-SEM-003,G-SYN-002		L-0027,L-0005	ESS plus INCREASE MOVE encodes entry into a landscape/route state; the transformed subject is inactive ABS+U under strict active–stative covariance.
EX-0081	✓	tanai inpnui	ta.ˈnai ˈimp.nu.i	tan-a-e i-n-p-n-u-i	forest.vegetation-TH-ESS INC-U-3-live/grow-REAL-NPST	they become living forest vegetation / grow into forest	G-PHON-004,G-PHON-008,G-MORPH-002,G-MORPH-006,G-MORPH-008,G-SEM-003,G-SYN-002		L-0030,L-0004	GROWING forest construal selects ESS plus INCREASE LIVE/GROW.
EX-0082	✓	tanue inprui	ta.ˈnu.e ˈimp.ru.i	tan-u-e i-n-p-r-u-i	forest.tract-TH-ESS INC-U-3-move-REAL-NPST	they become a forest tract / enter forest-landscape existence	G-PHON-008,G-MORPH-002,G-MORPH-008,G-SEM-003,G-SYN-002		L-0031,L-0005	LAND/WATER forest construal selects ESS plus INCREASE MOVE; transformation is inactive ABS+U, contrasting with living vegetation via LIVE/GROW.
EX-0083	✓	ratumi niprumpi	ra.ˈtu.mi nip.ˈrum.pi	rat-u-mi n-p-r-u-m-p-i	path-TH-PERL U-3-move-REAL-GRD-A.3-NPST	they travel along the path	G-MORPH-002,G-MORPH-006,G-MORPH-009,G-MORPH-011,G-SEM-002		L-0046,L-0005	New conventional route noun preserves lexical PERL -mi; GROUND integrates the route as PO.
EX-0084	✓	pirin ratumi rupi	pi.ˈrin ra.ˈtu.mi ˈru.pi	pir-i-n rat-u-mi r-u-p-i	child-TH-GEN path-TH-PERL move-REAL-A.3-NPST	they follow the child's trail	G-MORPH-002,G-MORPH-011,G-SEM-002,G-DISC-003		L-0018,L-0046,L-0005	FOLLOW is expressed compositionally as X-GEN PATH-PERL MOVE; no dedicated follow verb is required.
EX-0085	✓	hanik niprem ratu	ha.ˈnik nip.ˈrem ˈra.tu	hani-k n-p-r-e-m rat-u	ancestor-ERG U-3-move-DEP-GRD path-TH	the path along which the ancestor travels	G-MORPH-006,G-MORPH-009,G-SYN-006		L-0036,L-0005,L-0046	GROUND promotes the oblique route for relativization; because the relative head is PO/U-controller, U-3 is retained.
EX-0086	✓	narik nata pirir anpkuppi. pirik nata anpsemupi. hanik pirik anpseme nata nipsyupi. pirin ratumi rupi. pir tanai inpnui. narik hanik niprem ratu nipsyupi.	na.ˈrik ˈna.ta pi.ˈrir amp.ˈkup.pi pi.ˈrik ˈna.ta amp.se.ˈmu.pi ha.ˈnik pi.ˈrik ˈamp.se.me ˈna.ta ˈnip.sju.pi pi.ˈrin ra.ˈtu.mi ˈru.pi pir ta.ˈnai ˈimp.nu.i na.ˈrik ha.ˈnik nip.ˈrem ˈra.tu ˈnip.sju.pi	nar-i-k nat-a pir-i-r a-n-p-k-u-p-p-i pir-i-k nat-a a-n-p-se-m-u-p-i hani-k pir-i-k a-n-p-se-m-e nat-a n-p-se-u-p-i pir-i-n rat-u-mi r-u-p-i pir tan-a-e i-n-p-n-u-i nar-i-k hani-k n-p-r-e-m rat-u n-p-se-u-p-i	person-TH-ERG seed-TH child-TH-DAT DEC-U-3-handle-REAL-ORI-A.3-NPST child-TH-ERG seed-TH DEC-U-3-see-LEX.CAUS-REAL-A.3-NPST ancestor-ERG child-TH-ERG DEC-U-3-see-LEX.CAUS-DEP seed-TH U-3-see-REAL-A.3-NPST child-TH-GEN path-TH-PERL move-REAL-A.3-NPST child.ABS forest.vegetation-TH-ESS INC-U-3-live/grow-REAL-NPST person-TH-ERG ancestor-ERG U-3-move-DEP-GRD path-TH U-3-see-REAL-A.3-NPST	The person gives the seed to the child. The child hides the seed. The ancestor sees the seed that the child hides. The ancestor follows the child's trail. The child becomes living forest vegetation. The person sees the path along which the ancestor travels.	G-PHON-004,G-PHON-008,G-MORPH-002,G-MORPH-006,G-MORPH-008,G-MORPH-009,G-MORPH-011,G-MORPH-015,G-SYN-004,G-SYN-006,G-SEM-002,G-SEM-003,G-DISC-003		L-0004,L-0005,L-0006,L-0008,L-0017,L-0018,L-0030,L-0036,L-0043,L-0046	Dense myth regression: three third-person PERSON referents remain active across six clauses; lexical NP reintroduction resolves ambiguity, a PO seed relative retains its U trace, a route oblique is promoted by GROUND for relativization, transfer and visibility alternations recur, and FOLLOW remains compositional rather than lexical.
EX-0087	✓	nar inpsinui	nar imp.si.ˈnu.i	nar i-n-p-sn-u-i	person.ABS INC-U-3-know-REAL-NPST	the person realizes / comes to understand	G-PHON-004,G-MORPH-006,G-MORPH-008,G-SEM-003,G-SYN-002		L-0017,L-0009	INCREASE conventionalizes entry into a knowledge state without adding a separate REALIZE verb.
EX-0088	✓	nar anpsinui	nar amp.si.ˈnu.i	nar a-n-p-sn-u-i	person.ABS DEC-U-3-know-REAL-NPST	the person forgets / loses the knowledge	G-PHON-004,G-MORPH-006,G-MORPH-008,G-SEM-003,G-SYN-002		L-0017,L-0009	DECREASE conventionalizes loss of an established knowledge relation.
EX-0089	✓	nata nipsrupi	ˈna.ta ˈnips.ru.pi	nat-a n-p-sr-u-p-i	seed-TH U-3-search-REAL-A.3-NPST	they seek / track the seed	G-MORPH-006,G-MORPH-008,G-SEM-003		L-0043,L-0059	MAINTAIN is the lexical search/track baseline.
EX-0090	✓	nata inpsirupi	ˈna.ta imp.si.ˈru.pi	nat-a i-n-p-sr-u-p-i	seed-TH INC-U-3-search-REAL-A.3-NPST	they find / come upon the seed	G-PHON-004,G-MORPH-006,G-MORPH-008,G-SEM-003		L-0043,L-0059	INCREASE closes the search relation and yields FIND.
EX-0091	✓	kat nipnirupi	kat nip.ni.ˈru.pi	kat n-p-nr-u-p-i	gift.ABS U-3-return-REAL-A.3-NPST	they return / give back the gift	G-MORPH-006,G-SEM-003		L-0045,L-0054	RETURN/RESTORE lexically encodes restoration; neutral REL is its ordinary form.
EX-0092	*	kat inpnirupi	kat imp.ni.ˈru.pi	kat i-n-p-nr-u-p-i	gift.ABS INC-U-3-return-REAL-A.3-NPST	intended ordinary sense: they return the gift toward themselves		G-SEM-003	L-0045,L-0054	INCREASE is blocked in the ordinary RETURN/RESTORE sense because restoration/reversal is already lexicalized.
EX-0093	*	kat anpnirupi	kat amp.ni.ˈru.pi	kat a-n-p-nr-u-p-i	gift.ABS DEC-U-3-return-REAL-A.3-NPST	intended ordinary sense: they return the gift away		G-SEM-003	L-0045,L-0054	DECREASE is likewise blocked in the ordinary RETURN/RESTORE sense.
EX-0094	✓	nata nurut nipnitupi	ˈna.ta nu.ˈrut nip.ni.ˈtu.pi	nat-a nur-u-t n-p-nt-u-p-i	seed-TH river-TH-LOC U-3-plant-REAL-A.3-NPST	the person plants the seed by the river	G-MORPH-002,G-MORPH-006,G-MORPH-011		L-0043,L-0027,L-0053	PLANT takes the seed as theme while ordinary LOC expresses the planting site; no applicative is required.
EX-0095	✓	nurrir niphimuppi	nur.ˈrir nip.hi.ˈmup.pi	nur-rir n-p-hm-u-p-p-i	river-SOC.DAT U-3-promise-REAL-ORI-A.3-NPST	they pledge / make a promise to the river as a social person	G-MORPH-006,G-MORPH-009,G-MORPH-011,G-PRAG-001,G-PRAG-002		L-0027,L-0052	A culturally person-like river licenses SOCIAL DAT; ORIENTEE integrates it as the speech-act counterpart.
EX-0096	✓	makat	ma.ˈkat	mak-a-t	fruit-TH-LOC	at the fruit / fruit-source	G-MORPH-010,G-MORPH-011		L-0055	GROWING fruit retains a before LOC.
EX-0097	✓	makit	ma.ˈkit	mak-i-t	food-LNK-LOC	at/on the prepared food	G-MORPH-002,G-MORPH-010		L-0056	MADE food uses the generalized i-linker, contrasting with GROWING maka.
EX-0098	✓	munumi rupi	mu.ˈnu.mi ˈru.pi	mun-u-mi r-u-p-i	mist-TH-PERL move-REAL-A.3-NPST	they move through the mist	G-MORPH-002,G-MORPH-011,G-SEM-002		L-0048,L-0005	Productive PERL -mi marks movement through the mist; active MOVE remains ERG+A when controlled.
EX-0099	✓	niri tanai inpnui	ˈni.ri ta.ˈnai ˈimp.nu.i	nir-i tan-a-e i-n-p-n-u-i	hair-TH forest.vegetation-TH-ESS INC-U-3-live/grow-REAL-NPST	the hair becomes living forest growth	G-PHON-004,G-PHON-008,G-MORPH-002,G-MORPH-006,G-MORPH-008,G-SEM-003		L-0050,L-0030,L-0004	Creation-cycle lexical regression: living body material becomes GROWING forest through ESS plus INCREASE LIVE/GROW.
EX-0100	✓	kumi karue inprui	ˈku.mi ka.ˈru.e ˈimp.ru.i	kum-i kar-u-e i-n-p-r-u-i	flesh-TH upland-TH-ESS INC-U-3-move-REAL-NPST	the flesh becomes upland / land	G-PHON-008,G-MORPH-002,G-MORPH-008,G-SEM-003,G-SYN-002		L-0051,L-0029,L-0005	Creation-cycle transformation: body substance is the inactive U-controlled subject entering a landscape-state.
EX-0101	✓	pami narik nipsyupi	ˈpa.mi na.ˈrik ˈnip.sju.pi	pam-i nar-i-k n-p-se-u-p-i	bird-TH person-TH-ERG U-3-see-REAL-A.3-NPST	the person sees the bird	G-MORPH-006		L-0057,L-0017,L-0008	Basic bird subclass regression.
EX-0102	✓	timi narik nipsyupi	ˈti.mi na.ˈrik ˈnip.sju.pi	tim-i nar-i-k n-p-se-u-p-i	crawler-TH person-TH-ERG U-3-see-REAL-A.3-NPST	the person sees the crawling animal	G-MORPH-006		L-0058,L-0017,L-0008	Basic small-ground-animal subclass regression.
EX-0103	✓	nata nurut narik nipnitupi. maka nipnui. mak narrir narik anpkuppi. kat namik nipnirupi. nar inpsinui. nurrir narik niphimuppi. kat sikupi.	ˈna.ta nu.ˈrut na.ˈrik nip.ni.ˈtu.pi ˈma.ka ˈnip.nu.i mak nar.ˈrir na.ˈrik amp.ˈkup.pi kat na.ˈmik nip.ni.ˈru.pi nar imp.si.ˈnu.i nur.ˈrir na.ˈrik nip.hi.ˈmup.pi kat si.ˈku.pi	nat-a nur-u-t nar-i-k n-p-nt-u-p-i mak-a n-p-n-u-i mak nar-rir nar-i-k a-n-p-k-u-p-p-i kat nam-i-k n-p-nr-u-p-i nar i-n-p-sn-u-i nur-rir nar-i-k n-p-hm-u-p-p-i kat s-k-u-p-i	seed-TH river-TH-LOC person-TH-ERG U-3-plant-REAL-A.3-NPST fruit-TH U-3-live/grow-REAL-NPST food.ABS person-SOC.DAT person-TH-ERG DEC-U-3-handle-REAL-ORI-A.3-NPST gift.ABS sibling-TH-ERG U-3-return-REAL-A.3-NPST person.ABS INC-U-3-know-REAL-NPST river-SOC.DAT person-TH-ERG U-3-promise-REAL-ORI-A.3-NPST gift.BNI RECP-handle-REAL-A.3-NPST	A person plants seed by the river. Fruit grows. The person gives prepared food to another person. A sibling returns the gift. The person comes to understand. The person pledges to the river as a social person. Gifts are exchanged.	G-PHON-004,G-MORPH-002,G-MORPH-006,G-MORPH-008,G-MORPH-009,G-MORPH-011,G-MORPH-017,G-SEM-003,G-PRAG-001,G-DISC-003		L-0004,L-0006,L-0009,L-0017,L-0027,L-0043,L-0045,L-0047,L-0052,L-0053,L-0054,L-0055,L-0056	Age-of-Man regression: cultivation, GROWING→MADE food construal, social giving, kin, restoration, realization, nonhuman SOCIAL personhood, promise, and reciprocal exchange occur in one connected passage without new syntax.
EX-0104	✓	ratu narik niptiripi. nar anpsinui. pirik nata inpsiripi. nata pirik anpkipi. kat nipniripi. kat sikipi. ratumi niprimpi.	ˈra.tu na.ˈrik nip.ti.ˈri.pi nar amp.si.ˈnu.i pi.ˈrik ˈna.ta imp.si.ˈri.pi ˈna.ta pi.ˈrik ˈamp.ki.pi kat nip.ni.ˈri.pi kat si.ˈki.pi ra.ˈtu.mi nip.ˈrim.pi	rat-u nar-i-k n-p-tr-i-p-i nar a-n-p-sn-u-i pir-i-k nat-a i-n-p-sr-i-p-i nat-a pir-i-k a-n-p-k-i-p-i kat n-p-nr-i-p-i kat s-k-i-p-i rat-u-mi n-p-r-i-m-p-i	path-TH person-TH-ERG U-3-cut-IRR-A.3-NPST person.ABS DEC-U-3-know-REAL-NPST child-TH-ERG seed-TH INC-U-3-search-IRR-A.3-NPST seed-TH child-TH-ERG DEC-U-3-handle-IRR-A.3-NPST gift.ABS U-3-return-IRR-A.3-NPST gift.BNI RECP-handle-IRR-A.3-NPST path-TH-PERL U-3-move-IRR-GRD-A.3-NPST	A person will cut the path, and people forget. A child will find the seed. The child will give it away. A gift will be returned. Gifts will again pass reciprocally. They will travel along the path.	G-PHON-004,G-MORPH-005,G-MORPH-006,G-MORPH-008,G-MORPH-009,G-MORPH-011,G-MORPH-017,G-SEM-002,G-SEM-003,G-DISC-003		L-0005,L-0006,L-0009,L-0011,L-0017,L-0018,L-0043,L-0045,L-0046,L-0054,L-0059	Prophecy regression: IRREALIS is sustained across projected restoration events; an intervening prophetic-present forgetting clause is allowed; search→find, give-away, lexical RETURN, reciprocal transfer, and route motion form the restoration sequence.
EX-0105	✓	sani nurue inprui	ˈsa.ni nu.ˈru.e ˈimp.ru.i	san-i nur-u-e i-n-p-r-u-i	blood-TH river-TH-ESS INC-U-3-move-REAL-NPST	the blood becomes a river	G-PHON-008,G-MORPH-002,G-MORPH-008,G-SEM-003,G-SYN-002		L-0049,L-0027,L-0005	Creation-cycle transformation completing the body-substance set; inactive ABS+U is required for the transformed substance.
EX-0106	✓	ratu narik nipitiripi	ˈra.tu na.ˈrik ni.pi.ti.ˈri.pi	rat-u nar-i-k n-p-tr-i-p-i	path-TH person-TH-ERG U-3-cut-IRR-A.3-NPST	people will cut the path	G-PHON-011,G-MORPH-005,G-DISC-004		L-0046,L-0017,L-0011	Fixed ritual formula preserves a pre-syncope repair vowel: nipitiripi. Ordinary prose has niptiripi; the conservative form does not generalize productively.
EX-0107	✓	nuru narik nipsyupi. a niphurui. ri narik nipsyupi. nurrir narik niphimuppi. nuru nipsnui.	ˈnu.ru na.ˈrik ˈnip.sju.pi a nip.hu.ˈru.i ri na.ˈrik ˈnip.sju.pi nur.ˈrir na.ˈrik nip.hi.ˈmup.pi ˈnu.ru ˈnips.nu.i	nur-u nar-i-k n-p-se-u-p-i a n-p-hur-u-i ri nar-i-k n-p-se-u-p-i nur-rir nar-i-k n-p-hm-u-p-p-i nur-u n-p-sn-u-i	river-TH person-TH-ERG U-3-see-REAL-A.3-NPST 3.THING.ABS U-3-cold-REAL-NPST 3.PERSON.ABS person-TH-ERG U-3-see-REAL-A.3-NPST river-SOC.DAT person-TH-ERG U-3-promise-REAL-ORI-A.3-NPST river-TH U-3-know/remember-REAL-NPST	The person sees the river; it (THING) is cold. The person then sees it with PERSON reference, pledges to River, and River remembers.	G-MORPH-006,G-MORPH-009,G-MORPH-011,G-PRAG-001,G-PRAG-002,G-DISC-002,G-DISC-003		L-0027,L-0017,L-0008,L-0016,L-0052,L-0009	Explicit THING a resets personhood; overt PERSON ri re-establishes it before SOCIAL DAT becomes available.
EX-0108	✓	risake kat nipnirupi. ratu inpnui.	ri.ˈsa.ke kat nip.ni.ˈru.pi ˈra.tu ˈimp.nu.i	rs-a-k-e kat n-p-nr-u-p-i rat-u i-n-p-n-u-i	different-NF-STATE-ESS gift.ABS U-3-return-REAL-A.3-NPST path-TH INC-U-3-live/grow-REAL-NPST	A gift returns changed; the path grows / the reciprocal relation strengthens.	G-MORPH-003,G-MORPH-008,G-SEM-003,G-PRAG-003		L-0060,L-0045,L-0054,L-0046,L-0004	Canonical sacred metaphor: changed-state ESS modifies RETURN, while PATH + INCREASE LIVE/GROW has a conventional relational reading.
EX-0109	✓	ratu narik niptirupi	ˈra.tu na.ˈrik nip.ti.ˈru.pi	rat-u nar-i-k n-p-tr-u-p-i	path-TH person-TH-ERG U-3-cut-REAL-A.3-NPST	the person cuts the path / severs the reciprocal relation	G-MORPH-006,G-PRAG-003		L-0046,L-0017,L-0011	Literal and conventional metaphorical readings coexist; context, not special syntax, selects PATH-as-relation.
EX-0110	✓	hat narik nipkupi	hat na.ˈrik ˈnip.ku.pi	hat nar-i-k n-p-k-u-p-i	name.ABS person-TH-ERG U-3-handle-REAL-A.3-NPST	the person carries the name / preserves and transmits remembered knowledge	G-MORPH-006,G-SEM-003,G-PRAG-003		L-0044,L-0017,L-0006	Ordinary HANDLE/TRANSFER composition supports the conventional sacred metaphor CARRY A NAME.
EX-0111	✓	munu inprui	ˈmu.nu ˈimp.ru.i	mun-u i-n-p-r-u-i	mist-TH INC-U-3-move-REAL-NPST	the mist approaches/returns; figuratively, relations become opaque or disordered	G-MORPH-008,G-SEM-002,G-PRAG-003,G-SYN-002		L-0048,L-0005	MIST approaches/returns as spontaneous inactive motion and therefore takes ABS+U; its literal and conventional metaphorical readings remain available.
EX-0112	✓	nata pirik inpsiripi. nata narrir pirik anpkippi. nata nurut narik nipnitipi. maka nipnui. mak narik nipmitupi.	ˈna.ta pi.ˈrik imp.si.ˈri.pi ˈna.ta nar.ˈrir pi.ˈrik amp.ˈkip.pi ˈna.ta nu.ˈrut na.ˈrik nip.ni.ˈti.pi ˈma.ka ˈnip.nu.i mak na.ˈrik nip.mi.ˈtu.pi	nat-a pir-i-k i-n-p-sr-i-p-i nat-a nar-rir pir-i-k a-n-p-k-i-p-p-i nat-a nur-u-t nar-i-k n-p-nt-i-p-i mak-a n-p-n-u-i mak nar-i-k n-p-mt-u-p-i	seed-TH child-TH-ERG INC-U-3-search-IRR-A.3-NPST seed-TH person-SOC.DAT child-TH-ERG DEC-U-3-handle-IRR-ORI-A.3-NPST seed-TH river-TH-LOC person-TH-ERG U-3-plant-IRR-A.3-NPST fruit-TH U-3-live/grow-REAL-NPST food.ABS person-TH-ERG U-3-make-REAL-A.3-NPST	A child will find the seed; will give it away; its receiver will plant it beside the river. Fruit grows; a person makes food.	G-MORPH-005,G-MORPH-006,G-MORPH-008,G-MORPH-009,G-DISC-004		L-0043,L-0018,L-0017,L-0059,L-0006,L-0027,L-0053,L-0055,L-0004,L-0056,L-0010	Prophecy regression: three projected IRREALIS clauses are followed by REAL clauses at the restoration hinge, making the grade shift part of the ritual narrative structure.
EX-0113	✓	anpke kat risake nipnirupi. ratuk re nar nipsnupi. hat anpkupi. nar nipsnui.	ˈamp.ke kat ri.ˈsa.ke nip.ni.ˈru.pi ra.ˈtuk re nar ˈnips.nu.pi hat ˈamp.ku.pi nar ˈnips.nu.i	a-n-p-k-e kat rs-a-k-e n-p-nr-u-p-i rat-u-k r-e nar n-p-sn-u-p-i hat a-n-p-k-u-p-i nar n-p-sn-u-i	DEC-U-3-handle-DEP gift.ABS different-NF-STATE-ESS U-3-return-REAL-A.3-NPST path-TH-ERG move-DEP person.ABS U-3-know-REAL-A.3-NPST name.ABS DEC-U-3-handle-REAL-A.3-NPST person.ABS U-3-know-REAL-NPST	What is given returns changed. A path remembers the one who travels. A name is given away; the giver still knows.	G-MORPH-003,G-MORPH-005,G-MORPH-006,G-MORPH-008,G-PRAG-003,G-DISC-004		L-0006,L-0045,L-0060,L-0054,L-0046,L-0005,L-0017,L-0009,L-0044	Canonical three-part refrain. Gnomic REAL.NONPAST contrasts with surrounding PAST creation narrative and IRREALIS prophecy.
EX-0114	✓	nar an niphurui	nar an nip.hu.ˈru.i	nar an n-p-hur-u-i	person.ABS NEG U-3-cold-REAL-NPST	the person is not cold	G-MORPH-006,G-SYN-002,G-SYN-007		L-0017,L-0016	Canonical independent preverbal NEG an.
EX-0115	✓	tam mir nipsenui	tam mir nip.se.ˈnu.i	tam mi-r n-p-sen-u-i	hand.ABS Q-DAT U-3-good/fit-REAL-NPST	what are hands for / for what are hands suitable?	G-MORPH-006,G-SYN-009		L-0022,L-0015	Content interrogative mi takes DAT directly; no polar-question particle is added.
EX-0116	✓	hanu narin he	ˈha.nu na.ˈrin he	han-u nar-i-n he	earth-TH person-TH-GEN POLQ	is the world the people's / does the world belong to people?	G-MORPH-002,G-SYN-009,G-SYN-010		L-0066,L-0017	Polar question he combines with a zero-copular nominal/possessive identity question.
EX-0117	✓	nata nipnitupa ya maka nipnua	ˈna.ta nip.ni.ˈtu.pa ja ˈma.ka ˈnip.nu.a	nat-a n-p-nt-u-p-a ya mak-a n-p-n-u-a	seed-TH U-3-plant-REAL-A.3-PST CONJ fruit-TH U-3-live/grow-REAL-PST	they planted seed, and then fruit grew	G-MORPH-006,G-SYN-008,G-SYN-009		L-0043,L-0053,L-0055,L-0004	Optional ja explicitly packages two foreground events; juxtaposition would also be grammatical.
EX-0118	✓	tam tinak	tam ti.ˈnak	tam tn-a-k	hand.ABS join-NF-STATE	hands are crossings / junctions	G-MORPH-003,G-SYN-010		L-0022,L-0013	Gnomic nominal identity uses zero copula.
EX-0119	✓	narik tinake pinupi	na.ˈrik ti.ˈna.ke pi.ˈnu.pi	nar-i-k tn-a-k-e pn-u-p-i	person-TH-ERG join-NF-STATE-ESS stand-REAL-A.3-NPST	a person stands/serves as a crossing	G-MORPH-003,G-MORPH-005,G-SYN-010,G-MORPH-002,G-SYN-002		L-0017,L-0013,L-0064	A deliberately assumed temporary role uses ESS plus active STAND, hence ERG+A under strict active–stative covariance.
EX-0120	✓	mau narik uru kat kane uru ratumi rusinepi	mau na.ˈrik ˈu.ru kat ˈka.ne ˈu.ru ra.ˈtu.mi ru.si.ˈne.pi	mau nar-i-k uru kat k-a-n-e uru rat-u-mi r-u-sine-p-i	NONE person-TH-ERG ALL gift.ABS handle-NF-EVENT-ESS ALL path-TH-PERL move-REAL-ABLE-A.3-NPST	no person can carry every gift along every path	G-MORPH-003,G-MORPH-019,G-SYN-011,G-SEM-005		L-0017,L-0045,L-0006,L-0046,L-0005,L-0009	Explicit NONE/ALL contrast plus conventional HANDLE-converb + MOVE carry construction.
EX-0121	✓	ratu inpnui	ˈra.tu ˈimp.nu.i	rat-u i-n-p-n-u-i	path-TH INC-U-3-live/grow-REAL-NPST	the path grows / the reciprocal relation lengthens	G-PHON-004,G-MORPH-006,G-MORPH-008,G-SEM-003,G-PRAG-003		L-0046,L-0004	Literal path-growth is marked, but the sacred-cycle metaphor of strengthening reciprocity is conventional.
EX-0122	✓	hat kane rupi	hat ˈka.ne ˈru.pi	hat k-a-n-e r-u-p-i	name.ABS handle-NF-EVENT-ESS move-REAL-A.3-NPST	they carry the name / go while holding the name	G-MORPH-003,G-SYN-008,G-SEM-005,G-PRAG-003		L-0044,L-0006,L-0005	Conventionalized carry remains transparently HANDLE-EVENT-ESS plus MOVE.
EX-0123	✓	hat inpkupi ya sapa anpkupi	hat ˈimp.ku.pi ja ˈsa.pa ˈamp.ku.pi	hat i-n-p-k-u-p-i ya sap-a a-n-p-k-u-p-i	name.ABS INC-U-3-handle-REAL-A.3-NPST CONJ story.ABS DEC-U-3-handle-REAL-A.3-NPST	they receive a name and give a story onward	G-PHON-004,G-MORPH-006,G-MORPH-008,G-SYN-009,G-SEM-003		L-0044,L-0006,L-0065	Lexical STORY contrasts with received NAME; reciprocal cultural return need not reproduce the same object.
EX-0124	✓	patu suhue inprui	ˈpa.tu su.ˈhu.e ˈimp.ru.i	pat-u suh-u-e i-n-p-r-u-i	breath/air-TH sky-TH-ESS INC-U-3-move-REAL-NPST	breath becomes / enters the sky as moving air	G-PHON-008,G-MORPH-002,G-MORPH-008,G-SEM-003,G-SYN-002		L-0068,L-0067,L-0005	Creation-text transformation distinguishes moving air from SKY while treating the transformed substance as inactive ABS+U.
EX-0125	✓	hite hat pir nipsnui ya mire sapa pirik niphupi	ˈhi.te hat pir ˈnips.nu.i ja ˈmi.re ˈsa.pa pi.ˈrik ˈnip.hu.pi	ht-e hat pir n-p-sn-u-i ya mr-e sap-a pir-i-k n-p-h-u-p-i	old-DEP name.ABS child.ABS U-3-know-REAL-NPST CONJ new-DEP story.ABS child-TH-ERG U-3-say-REAL-A.3-NPST	the child knows the old name and tells a new story	G-MORPH-005,G-SYN-003,G-SYN-009		L-0071,L-0044,L-0018,L-0009,L-0072,L-0065,L-0001	OLD and NEW are ordinary stative predicates in DEP attributive use; KNOW retains the child experiencer as U-controller while NAME is non-PO content.
EX-0126	✓	kat an niprisui. kat inprisui. kat anprisui.	kat an nip.ri.ˈsu.i kat imp.ri.ˈsu.i kat amp.ri.ˈsu.i	kat an n-p-rs-u-i kat i-n-p-rs-u-i kat a-n-p-rs-u-i	gift.ABS NEG U-3-different-REAL-NPST gift.ABS INC-U-3-different-REAL-NPST gift.ABS DEC-U-3-different-REAL-NPST	the gift is unchanged/same; the gift becomes different; the gift becomes alike again	G-PHON-004,G-MORPH-006,G-MORPH-008,G-SYN-007,G-SEM-003		L-0045,L-0060	NEG supplies SAME/UNCHANGED while REL adds change toward difference or likeness.
EX-0127	✓	kumi anpke nami. Kumakar. kumi akar.	ˈku.mi ˈamp.ke ˈna.mi ku.ma.ˈkar ˈku.mi a.ˈkar	kum-i a-n-p-k-e nam-i Kumakar kum-i akar	flesh-TH DEC-U-3-handle-DEP sibling-TH Flesh-Giver flesh-TH giver.FOSS	(the) sibling who gives flesh; Flesh-Giver; Flesh Giver (archaic invocation)	G-MORPH-005,G-SYN-006,G-DISC-004		L-0051,L-0006,L-0047,L-0073,L-0076	Three sacred naming layers: prose relative, fixed epithet, and listed fossil PARTICIPANT invocation.
EX-0128	✓	ratumi pirik ripi. nata pirik inpsirupi. ya nata narrir pirik anpkuppi.	ra.ˈtu.mi pi.ˈrik ˈri.pi ˈna.ta pi.ˈrik imp.si.ˈru.pi ja ˈna.ta nar.ˈrir pi.ˈrik amp.ˈkup.pi	rat-u-mi pir-i-k r-i-p-i nat-a pir-i-k i-n-p-sr-u-p-i ya nat-a nar-rir pir-i-k a-n-p-k-u-p-p-i	path-TH-PERL child-TH-ERG move-IRR-A.3-NPST seed-TH child-TH-ERG INC-U-3-search-REAL-A.3-NPST CONJ seed-TH person-SOC.DAT child-TH-ERG DEC-U-3-handle-REAL-ORI-A.3-NPST	a child will travel the path. The child finds the seed, and gives it away.	G-MORPH-005,G-MORPH-006,G-MORPH-008,G-MORPH-009,G-DISC-004		L-0046,L-0018,L-0005,L-0043,L-0059,L-0017,L-0006	Canonical prophecy hinge: the preceding movement is IRREALIS; FIND itself is the first REAL clause and subsequent restoration remains REAL.
EX-0129	✓	mane hite ratu narik nipsyupa	ˈma.ne ˈhi.te ˈra.tu na.ˈrik ˈnip.sju.pa	m-a-n-e ht-e rat-u nar-i-k n-p-se-u-p-a	sleep-NF-EVENT-ESS old-DEP path-TH person-TH-ERG U-3-see-REAL-A.3-PST	while asleep, the person saw the old path	G-MORPH-003,G-MORPH-005,G-MORPH-006,G-SYN-008		L-0003,L-0071,L-0046,L-0017,L-0008	Transparent SLEEP EVENT+ESS remains the productive circumstantial source construction beside lexical dream noun man.
EX-0130	✓	man nar nipsnua	man nar ˈnips.nu.a	man nar n-p-sn-u-a	dream.ABS person.ABS U-3-remember-REAL-PST	the person remembered the dream	G-MORPH-006,G-SYN-002		L-0079,L-0017,L-0009	Lexical man denotes the whole remembered dream-event, independently of any particular image within it.
EX-0131	✓	syan nar nipsnua	sjan nar ˈnips.nu.a	syan nar n-p-sn-u-a	vision.ABS person.ABS U-3-remember-REAL-PST	the person remembered the vision	G-MORPH-006,G-SYN-002		L-0080,L-0017,L-0009	Lexical syan denotes a seen image or perceptual scene; the preceding sleep context supplies the dream-vision interpretation.
EX-0132	✓	samrima narik rupa. ratrima narik rupa.	ˈsam.ri.ma na.ˈrik ˈru.pa ˈrat.ri.ma na.ˈrik ˈru.pa	sam-rima nar-i-k r-u-p-a rat-rima nar-i-k r-u-p-a	herd.animal-SOC.COM person-TH-ERG move-REAL-A.3-PST path-SOC.COM person-TH-ERG move-REAL-A.3-PST	the person went with the herd animal; the person went with the path	G-MORPH-002,G-MORPH-011,G-PRAG-001,G-PRAG-002,G-DISC-002		L-0033,L-0017,L-0005,L-0046	Parallel SOCIAL COM construal presupposes the explicit PERSON establishment supplied in the connected tale; without that discourse license ordinary COM is required.
EX-0133	✓	samin hat Masi. ratun hat Masi.	sa.ˈmin hat ˈma.si ra.ˈtun hat ˈma.si	sam-i-n hat Masi rat-u-n hat Masi	herd.animal-TH-GEN name Masi path-TH-GEN name Masi	Masi is the herd-animal's name; Masi is the path's name	G-MORPH-002,G-SYN-010		L-0033,L-0044,L-0081,L-0046	Specific zero-copular identification licenses the traditional unexplained closing doublet; it states established identity and does not encode an act of naming.
EX-0134	✓	samis narik niprimsupa. ratu yinptirua. mire ratumi narik samis niprimsupa. mire ratumi samik an rupa. hite ratumi samik rupa. ratu narik anpsirupa. mane hite ratu narik nipsyupa. man nar nipsnua. syan nar nipsnua. samin ratumi narik samis niprimsupa. hite ratu narik inpsirupa. sami narik nipsyupa. ri nipkinua. ratu narik nipsyupa. ri nipkinua. samrima narik rupa. ratrima narik rupa. hite narik sapa niphupa. temti hite hat pir nipsnui. sapa pirik niphupi. samin hat Masi. ratun hat Masi.	sa.ˈmis na.ˈrik nip.ˈrim.su.pa ˈra.tu jimp.ti.ˈru.a ˈmi.re ra.ˈtu.mi na.ˈrik sa.ˈmis nip.ˈrim.su.pa ˈmi.re ra.ˈtu.mi sa.ˈmik an ˈru.pa ˈhi.te ra.ˈtu.mi sa.ˈmik ˈru.pa ˈra.tu na.ˈrik amp.si.ˈru.pa ˈma.ne ˈhi.te ˈra.tu na.ˈrik ˈnip.sju.pa man nar ˈnips.nu.a sjan nar ˈnips.nu.a sa.ˈmin ra.ˈtu.mi na.ˈrik sa.ˈmis nip.ˈrim.su.pa ˈhi.te ˈra.tu na.ˈrik imp.si.ˈru.pa ˈsa.mi na.ˈrik ˈnip.sju.pa ri nip.ki.ˈnu.a ˈra.tu na.ˈrik ˈnip.sju.pa ri nip.ki.ˈnu.a ˈsam.ri.ma na.ˈrik ˈru.pa ˈrat.ri.ma na.ˈrik ˈru.pa ˈhi.te na.ˈrik ˈsa.pa ˈnip.hu.pa ˈtem.ti ˈhi.te hat pir ˈnips.nu.i ˈsa.pa pi.ˈrik ˈnip.hu.pi sa.ˈmin hat ˈma.si ra.ˈtun hat ˈma.si	sam-i-s nar-i-k n-p-r-m-s-u-p-a rat-u y-n-p-tr-u-a mr-e rat-u-mi nar-i-k sam-i-s n-p-r-m-s-u-p-a mr-e rat-u-mi sam-i-k an r-u-p-a ht-e rat-u-mi sam-i-k r-u-p-a rat-u nar-i-k a-n-p-sr-u-p-a m-a-n-e ht-e rat-u nar-i-k n-p-se-u-p-a man nar n-p-sn-u-a syan nar n-p-sn-u-a sam-i-n rat-u-mi nar-i-k sam-i-s n-p-r-m-s-u-p-a ht-e rat-u nar-i-k i-n-p-sr-u-p-a sam-i nar-i-k n-p-se-u-p-a ri n-p-kn-u-a rat-u nar-i-k n-p-se-u-p-a ri n-p-kn-u-a sam-rima nar-i-k r-u-p-a rat-rima nar-i-k r-u-p-a ht-e nar-i-k sap-a n-p-h-u-p-a tem-ti ht-e hat pir n-p-sn-u-i sap-a pir-i-k n-p-h-u-p-i sam-i-n hat Masi rat-u-n hat Masi	herd.animal-TH-COLL person-TH-ERG U-3-herd-REAL-A.3-PST path-TH MID-U-3-split-REAL-PST new-DEP path-TH-PERL person-TH-ERG herd.animal-TH-COLL U-3-herd-REAL-A.3-PST new-DEP path-TH-PERL herd.animal-TH-ERG NEG move-REAL-A.3-PST old-DEP path-TH-PERL herd.animal-TH-ERG move-REAL-A.3-PST path-TH person-TH-ERG DEC-U-3-search-REAL-A.3-PST sleep-NF-EVENT-ESS old-DEP path-TH person-TH-ERG U-3-see-REAL-A.3-PST dream.ABS person.ABS U-3-remember-REAL-PST vision.ABS person.ABS U-3-remember-REAL-PST herd.animal-TH-GEN path-TH-PERL person-TH-ERG herd.animal-TH-COLL U-3-herd-REAL-A.3-PST old-DEP path-TH person-TH-ERG INC-U-3-search-REAL-A.3-PST herd.animal-TH person-TH-ERG U-3-see-REAL-A.3-PST 3.PERSON.ABS U-3-sit-REAL-PST path-TH person-TH-ERG U-3-see-REAL-A.3-PST 3.PERSON.ABS U-3-sit-REAL-PST herd.animal-SOC.COM person-TH-ERG move-REAL-A.3-PST path-SOC.COM person-TH-ERG move-REAL-A.3-PST old-DEP person-TH-ERG story.ABS U-3-say-REAL-A.3-PST house-INESS old-DEP name child.ABS U-3-remember-REAL-NPST story.ABS child-TH-ERG U-3-say-REAL-A.3-NPST herd.animal-TH-GEN name Masi path-TH-GEN name Masi	A person drove a small herd. The path split. The person drove the herd along the new path, but one herd animal did not go that way and went along the old path. The person lost the trail. While asleep, the person saw the old path, then remembered the dream and the vision. The person later drove the herd along the animal's trail and found the old path. The person went with the animal; the person went with the path. An old person told the story. In the house, a child remembers the old name and tells the story: Masi is the herd-animal's name. Masi is the path's name.	G-MORPH-002,G-MORPH-003,G-MORPH-005,G-MORPH-006,G-MORPH-008,G-MORPH-011,G-MORPH-014,G-MORPH-015,G-MORPH-017,G-SYN-002,G-SYN-008,G-SYN-010,G-PRAG-001,G-PRAG-002,G-DISC-002,G-DISC-003		L-0033,L-0017,L-0041,L-0046,L-0011,L-0072,L-0005,L-0059,L-0003,L-0071,L-0008,L-0079,L-0009,L-0080,L-0001,L-0037,L-0044,L-0018,L-0065,L-0081	Remembered herd-path folktale regression: ordinary pastoral motion, path anticausative splitting, OLD/NEW route contrast, search REL, transparent sleeping converb, lexical dream/vision distinction, parallel animal/place SOCIAL personhood, household transmission, and contradictory specific naming identities coexist without a dedicated GUIDE, CHOOSE, WRONG, or DREAM verb. PERSON ri is overtly established for both nonhuman companions before SOCIAL COM.
EX-0135	✓	rat	rat	rat	built.passage	built passage; constructed passage	G-MORPH-010		L-0083	MADE counterpart to LAND/WATER ratu path/trail; the class shift follows mode of existence rather than creating a productive derivation.
EX-0136	✓	ratam	ra.ˈtam	ratam	doorway.ARCH	doorway; entrance (archaic)	G-MORPH-010		L-0084	Stored archaic derivative of rat; no productive -am segmentation is inferred.
EX-0137	✓	kis	kis	kis	doorway	doorway; door opening	G-MORPH-010		L-0085	Younger ordinary replacement of archaic ratam.
EX-0138	✓	Kinatut a narik nipsyupa.	ki.na.ˈtut a na.ˈrik ˈnip.sju.pa	kinat-u-t a nar-i-k n-p-se-u-p-a	settlement-TH-LOC 3.THING.ABS person-TH-ERG U-3-see-REAL-A.3-PST	At the settlement, the woodworker saw it as a thing.	G-MORPH-002,G-MORPH-006,G-PRAG-001,G-DISC-002		L-0082,L-0017,L-0008	Adult baseline construal uses THING reference for the abandoned settlement.
EX-0139	✓	Suran temti inprua. Hite temti suru nipnua.	su.ˈran ˈtem.ti ˈimp.ru.a ˈhi.te ˈtem.ti ˈsu.ru ˈnip.nu.a	suran tem-ti i-n-p-r-u-a ht-e tem-ti sur-u n-p-n-u-a	rain.ABS house-INESS INC-U-3-move-REAL-PST old-DEP house-INESS water-TH U-3-live/grow-REAL-PST	Rain entered the house; water lived in the old house.	G-MORPH-002,G-MORPH-005,G-MORPH-006,G-MORPH-008,G-SYN-003,G-SEM-003,G-SYN-002		L-0086,L-0037,L-0005,L-0071,L-0019,L-0004	Rain entering is spontaneous inactive MOVE and therefore ABS+U. The child's WATER LIVE image remains a deliberate folktale metaphor rather than a general existential copula.
EX-0140	✓	Ri pirik nipsyupa.	ri pi.ˈrik ˈnip.sju.pa	ri pir-i-k n-p-se-u-p-a	3.PERSON.ABS child-TH-ERG U-3-see-REAL-A.3-PST	The child saw the settlement as a person.	G-MORPH-006,G-MORPH-016,G-PRAG-001,G-DISC-002		L-0018,L-0008,L-0082	The child shifts the same LAND/WATER settlement referent to PERSON without changing its lexical noun class.
EX-0141	✓	Hite temti suru nipnui. Mik num nipnirupi?	ˈhi.te ˈtem.ti ˈsu.ru ˈnip.nu.i mik num nip.ni.ˈru.pi	ht-e tem-ti sur-u n-p-n-u-i mi-k num n-p-nr-u-p-i	old-DEP house-INESS water-TH U-3-live/grow-REAL-NPST who-ERG roof.ABS U-3-return/restore-REAL-A.3-NPST	“Water lives in the old house. Who restores the roof?”	G-MORPH-002,G-MORPH-005,G-MORPH-006,G-SYN-009,G-SEM-003		L-0071,L-0037,L-0019,L-0004,L-0087,L-0054	Child's diagnostic question. Quotation punctuation is editorial; no dedicated quotative construction is inferred.
EX-0142	✓	Nar inpsinua. Ri narik nipsyupa.	nar imp.si.ˈnu.a ri na.ˈrik ˈnip.sju.pa	nar i-n-p-sn-u-a ri nar-i-k n-p-se-u-p-a	person.ABS INC-U-3-know-REAL-PST 3.PERSON.ABS person-TH-ERG U-3-see-REAL-A.3-PST	The woodworker understood; then the woodworker saw the settlement as a person.	G-MORPH-006,G-MORPH-008,G-SEM-003,G-DISC-002		L-0017,L-0009,L-0008,L-0082	The overt PERSON object ri establishes the settlement's nonhuman PERSON license after the child makes the damaged relation salient.
EX-0143	✓	Num narik nipmisupa. Num kinatrir narik nipniruppa.	num na.ˈrik nip.mi.ˈsu.pa num ki.nat.ˈrir na.ˈrik nip.ni.ˈrup.pa	num nar-i-k n-p-ms-u-p-a num kinat-rir nar-i-k n-p-nr-u-p-p-a	roof.ABS person-TH-ERG U-3-mend-REAL-A.3-PST roof.ABS settlement-SOC.DAT person-TH-ERG U-3-return/restore-REAL-ORI-A.3-PST	The woodworker mended the roof, then restored it to the settlement.	G-MORPH-006,G-MORPH-009,G-MORPH-011,G-PRAG-001		L-0087,L-0017,L-0088,L-0082,L-0054	Ordinary MEND handles physical repair; SOCIAL DAT kinatrir is licensed by the overt PERSON establishment in EX-0142, and RESTORE presents the same work as relational restitution.
EX-0144	✓	Panin sa narik inpkupir. Num narik nipnirupir.	pa.ˈnin sa na.ˈrik imp.ku.ˈpir num na.ˈrik nip.ni.ru.ˈpir	pan-i-n sa nar-i-k i-n-p-k-u-p-i-r num nar-i-k n-p-nr-u-p-i-r	wood-LNK-GEN PART person-TH-ERG INC-U-3-handle-REAL-A.3-NPST-HAB roof.ABS person-TH-ERG U-3-return/restore-REAL-A.3-NPST-HAB	People habitually take a portion of timber and restore the roof.	G-MORPH-002,G-MORPH-007,G-MORPH-020,G-SEM-003		L-0025,L-0040,L-0017,L-0006,L-0087,L-0054	Continued salvage is compatible with the tale's norm when bounded taking is paired with recurrent maintenance; there is no absolute resource taboo.
EX-0145	✓	Suru anpmarua. Kinatuti narik arupa. Mau nar kinatut nipnua. Mau nar nipsnua. Pan niptire narik kinatut rupa. Kinatut a narik nipsyupa. Temin panin sa narik niptirupa. Pan narik inpkupa. Panim tem narik nipmitupa. Tem nipsenua. Kinatut narik rupa. Mare pan narik niptirupa. Num yinptirua. Mire panim kis narik nipmitupa. Kis an nipsenua. Pirrima narik kinatut rupa. Suran temti inprua. Hite temti suru nipnua. Ri pirik nipsyupa. Hite temti suru nipnui. Mik num nipnirupi? Nar inpsinua. Ri narik nipsyupa. Num narik nipmisupa. Num kinatrir narik nipniruppa. Kis narik nipmisupa. Kinatut kas narik nipmitupa. Hite hat kinatrir pirik niphupa. Ratu inpnua. Panin sa narik inpkupir. Num narik nipnirupir. Kinatut kas narik nipmitupir. Hite hat kinatrir narik niphupir.	ˈsu.ru amp.ma.ˈru.a ki.na.ˈtu.ti na.ˈrik a.ˈru.pa mau nar ki.na.ˈtut ˈnip.nu.a mau nar ˈnips.nu.a pan ˈnip.ti.re na.ˈrik ki.na.ˈtut ˈru.pa ki.na.ˈtut a na.ˈrik ˈnip.sju.pa te.ˈmin pa.ˈnin sa na.ˈrik nip.ti.ˈru.pa pan na.ˈrik ˈimp.ku.pa pa.ˈnim tem na.ˈrik nip.mi.ˈtu.pa tem nip.se.ˈnu.a ki.na.ˈtut na.ˈrik ˈru.pa ˈma.re pan na.ˈrik nip.ti.ˈru.pa num jimp.ti.ˈru.a ˈmi.re pa.ˈnim kis na.ˈrik nip.mi.ˈtu.pa kis an nip.se.ˈnu.a ˈpir.ri.ma na.ˈrik ki.na.ˈtut ˈru.pa su.ˈran ˈtem.ti ˈimp.ru.a ˈhi.te ˈtem.ti ˈsu.ru ˈnip.nu.a ri pi.ˈrik ˈnip.sju.pa ˈhi.te ˈtem.ti ˈsu.ru ˈnip.nu.i mik num nip.ni.ˈru.pi nar imp.si.ˈnu.a ri na.ˈrik ˈnip.sju.pa num na.ˈrik nip.mi.ˈsu.pa num ki.nat.ˈrir na.ˈrik nip.ni.ˈrup.pa kis na.ˈrik nip.mi.ˈsu.pa ki.na.ˈtut kas na.ˈrik nip.mi.ˈtu.pa ˈhi.te hat ki.nat.ˈrir pi.ˈrik ˈnip.hu.pa ˈra.tu ˈimp.nu.a pa.ˈnin sa na.ˈrik imp.ku.ˈpir num na.ˈrik nip.ni.ru.ˈpir ki.na.ˈtut kas na.ˈrik nip.mi.tu.ˈpir ˈhi.te hat ki.nat.ˈrir na.ˈrik nip.hu.ˈpir	sur-u a-n-p-mar-u-a kinat-u-ti nar-i-k a-r-u-p-a mau nar kinat-u-t n-p-n-u-a mau nar n-p-sn-u-a pan n-p-tr-e nar-i-k kinat-u-t r-u-p-a kinat-u-t a nar-i-k n-p-se-u-p-a tem-i-n pan-i-n sa nar-i-k n-p-tr-u-p-a pan nar-i-k i-n-p-k-u-p-a pan-i-m tem nar-i-k n-p-mt-u-p-a tem n-p-sen-u-a kinat-u-t nar-i-k r-u-p-a mar-e pan nar-i-k n-p-tr-u-p-a num y-n-p-tr-u-a mr-e pan-i-m kis nar-i-k n-p-mt-u-p-a kis an n-p-sen-u-a pir-rima nar-i-k kinat-u-t r-u-p-a suran tem-ti i-n-p-r-u-a ht-e tem-ti sur-u n-p-n-u-a ri pir-i-k n-p-se-u-p-a ht-e tem-ti sur-u n-p-n-u-i mi-k num n-p-nr-u-p-i nar i-n-p-sn-u-a ri nar-i-k n-p-se-u-p-a num nar-i-k n-p-ms-u-p-a num kinat-rir nar-i-k n-p-nr-u-p-p-a kis nar-i-k n-p-ms-u-p-a kinat-u-t kas nar-i-k n-p-mt-u-p-a ht-e hat kinat-rir pir-i-k n-p-h-u-p-a rat-u i-n-p-n-u-a pan-i-n sa nar-i-k i-n-p-k-u-p-i-r num nar-i-k n-p-nr-u-p-i-r kinat-u-t kas nar-i-k n-p-mt-u-p-i-r ht-e hat kinat-rir nar-i-k n-p-h-u-p-i-r	water-TH DEC-U-3-big/much-REAL-PST settlement-TH-INESS person-TH-ERG DEC-move-REAL-A.3-PST NONE person settlement-TH-LOC U-3-live/grow-REAL-PST NONE person U-3-know/remember-REAL-PST wood.ABS U-3-cut-DEP person-TH-ERG settlement-TH-LOC move-REAL-A.3-PST settlement-TH-LOC 3.THING.ABS person-TH-ERG U-3-see-REAL-A.3-PST house-LNK-GEN wood-LNK-GEN PART person-TH-ERG U-3-cut-REAL-A.3-PST wood.ABS person-TH-ERG INC-U-3-handle-REAL-A.3-PST wood-LNK-INS house.ABS person-TH-ERG U-3-make-REAL-A.3-PST house.ABS U-3-good/fit-REAL-PST settlement-TH-LOC person-TH-ERG move-REAL-A.3-PST much-DEP wood.ABS person-TH-ERG U-3-cut-REAL-A.3-PST roof.ABS MID-U-3-cut/split-REAL-PST new-DEP wood-LNK-INS doorway.ABS person-TH-ERG U-3-make-REAL-A.3-PST doorway.ABS NEG U-3-good/fit-REAL-PST child-SOC.COM person-TH-ERG settlement-TH-LOC move-REAL-A.3-PST rain.ABS house-INESS INC-U-3-move-REAL-PST old-DEP house-INESS water-TH U-3-live/grow-REAL-PST 3.PERSON.ABS child-TH-ERG U-3-see-REAL-A.3-PST old-DEP house-INESS water-TH U-3-live/grow-REAL-NPST who-ERG roof.ABS U-3-return/restore-REAL-A.3-NPST person.ABS INC-U-3-know/remember-REAL-PST 3.PERSON.ABS person-TH-ERG U-3-see-REAL-A.3-PST roof.ABS person-TH-ERG U-3-mend-REAL-A.3-PST roof.ABS settlement-SOC.DAT person-TH-ERG U-3-return/restore-REAL-ORI-A.3-PST doorway.ABS person-TH-ERG U-3-mend-REAL-A.3-PST settlement-TH-LOC hearth.fire.ABS person-TH-ERG U-3-make-REAL-A.3-PST old-DEP name.ABS settlement-SOC.DAT child-TH-ERG U-3-say-REAL-A.3-PST path-TH INC-U-3-live/grow-REAL-PST wood-LNK-GEN PART person-TH-ERG INC-U-3-handle-REAL-A.3-NPST-HAB roof.ABS person-TH-ERG U-3-return/restore-REAL-A.3-NPST-HAB settlement-TH-LOC hearth.fire.ABS person-TH-ERG U-3-make-REAL-A.3-NPST-HAB old-DEP name.ABS settlement-SOC.DAT person-TH-ERG U-3-say-REAL-A.3-NPST-HAB	Water diminished and people left the settlement. No one lived there, and no one remembered why. A woodworker went there and first treated the abandoned place as a thing. The woodworker cut a bounded portion of a house's timber, took it, and made a sound new house. On returning, the woodworker took much more; the old roof split open, and a doorway made from the later timber would not fit. The woodworker returned with a child. Rain entered; water lived in the old house. The child referred to the settlement as PERSON and asked, “Water lives in the old house. Who restores the roof?” The woodworker understood and then also used PERSON reference. The roof and doorway were mended; the roof was restored to the settlement under SOCIAL personhood, hearth-fire was renewed, and the child spoke an old name to the place. The path grew. Thereafter people habitually took only bounded portions while restoring the roof, renewing the hearth, and speaking the old name.	G-MORPH-002,G-MORPH-005,G-MORPH-006,G-MORPH-007,G-MORPH-008,G-MORPH-009,G-MORPH-011,G-MORPH-016,G-MORPH-017,G-MORPH-020,G-SYN-003,G-SYN-009,G-SEM-003,G-PRAG-001,G-DISC-002,G-DISC-003,G-SYN-002		L-0017,L-0018,L-0019,L-0021,L-0025,L-0037,L-0040,L-0044,L-0046,L-0054,L-0071,L-0072,L-0082,L-0085,L-0086,L-0087,L-0088,L-0004,L-0005,L-0006,L-0008,L-0009,L-0010,L-0011,L-0014,L-0015	Phase 2a place-personhood regression. Controlled human MOVE is ERG+A while rain entry is inactive ABS+U. Child-led PERSON reference precedes adult recognition. Physical MEND and relational RESTORE remain distinct, while continued use survives under reciprocal maintenance.
EX-0146	✓	Ratumi re narrir hite narik niphuppa. Kinatu ratumi re narik nipsyupa.	ra.ˈtu.mi re nar.ˈrir ˈhi.te na.ˈrik nip.ˈhup.pa ki.ˈna.tu ra.ˈtu.mi re na.ˈrik ˈnip.sju.pa	rat-u-mi r-e nar-rir ht-e nar-i-k n-p-h-u-p-p-a kinat-u rat-u-mi r-e nar-i-k n-p-se-u-p-a	path-TH-PERL move-DEP person-SOC.DAT old-DEP person-TH-ERG U-3-say-REAL-ORI-A.3-PST settlement-TH path-TH-PERL move-DEP person-TH-ERG U-3-see-REAL-A.3-PST	An old person told the traveler; the traveler saw the settlement.	G-MORPH-002,G-MORPH-005,G-MORPH-006,G-MORPH-009,G-MORPH-011,G-SYN-006,G-DISC-003,G-DISC-005		L-0046,L-0005,L-0017,L-0071,L-0001,L-0082,L-0008	Received testimony and direct witnessing are contrasted by ordinary SAY+ORIENTEE versus SEE/WITNESS; no evidential morphology is inferred.
EX-0147	✓	Mau nar hite ratumi rusinepi. Ratumi re nar temti nipkinui. Mak ratumi re narrir anpkuppir.	mau nar ˈhi.te ra.ˈtu.mi ru.si.ˈne.pi ra.ˈtu.mi re nar ˈtem.ti nip.ki.ˈnu.i mak ra.ˈtu.mi re nar.ˈrir amp.kup.ˈpir	mau nar ht-e rat-u-mi r-u-sine-p-i rat-u-mi r-e nar tem-ti n-p-kn-u-i mak rat-u-mi r-e nar-rir a-n-p-k-u-p-p-i-r	NONE person old-DEP path-TH-PERL move-REAL-ABLE-A.3-NPST path-TH-PERL move-DEP person house-INESS U-3-sit-REAL-NPST food.ABS path-TH-PERL move-DEP person-SOC.DAT DEC-U-3-handle-REAL-ORI-A.3-NPST-HAB	No one can travel the old path. A traveler stays in the house; food is customarily given to the traveler.	G-MORPH-002,G-MORPH-005,G-MORPH-006,G-MORPH-007,G-MORPH-009,G-MORPH-011,G-MORPH-019,G-SYN-006,G-SYN-011,G-SEM-003,G-DISC-005		L-0017,L-0071,L-0046,L-0005,L-0009,L-0037,L-0042,L-0056,L-0006	The corrected message is ordinary clause content, not an imperative or dedicated MESSAGE construction. Hospitality is expressed by house-stay plus recurrent food transfer.
EX-0148	✓	Ratumi re nar sapan nar. Hite narin ta pir nipsnua.	ra.ˈtu.mi re nar sa.ˈpan nar ˈhi.te na.ˈrin ta pir ˈnips.nu.a	rat-u-mi r-e nar sap-a-n nar ht-e nar-i-n ta pir n-p-sn-u-a	path-TH-PERL move-DEP person story-GEN person old-DEP person-TH-GEN tool.ABS child.ABS U-3-know-REAL-PST	The traveler was the person in the story. The child recognized the old person's tool.	G-MORPH-002,G-MORPH-005,G-MORPH-006,G-SYN-002,G-SYN-006,G-SYN-010,G-DISC-003		L-0046,L-0005,L-0017,L-0065,L-0071,L-0039,L-0018,L-0009	Specific zero-copular identity exposes the nested-story referent; KNOW/REMEMBER supplies recognition without adding a dedicated RECOGNIZE verb.
EX-0149	✓	Sapa narik an niphupi. Pir nipsnui. Himak yinptirui ya ratu inpnui.	ˈsa.pa na.ˈrik an ˈnip.hu.pi pir ˈnips.nu.i hi.ˈmak jimp.ti.ˈru.i ja ˈra.tu ˈimp.nu.i	sap-a nar-i-k an n-p-h-u-p-i pir n-p-sn-u-i hm-a-k y-n-p-tr-u-i ya rat-u i-n-p-n-u-i	story.ABS person-TH-ERG NEG U-3-say-REAL-A.3-NPST child.ABS U-3-know-REAL-NPST promise-NF-STATE MID-U-3-cut/split-REAL-NPST CONJ path-TH INC-U-3-live/grow-REAL-NPST	A person leaves the story untold; the child knows it. A pledge breaks, and then/so a path grows.	G-MORPH-003,G-MORPH-006,G-MORPH-008,G-MORPH-017,G-SYN-007,G-SYN-009,G-PRAG-003,G-DISC-005		L-0065,L-0017,L-0001,L-0018,L-0009,L-0052,L-0011,L-0046,L-0004	Folktale refrain pair. ja packages the second pair as sequential and contextually consequential without a distinct causal conjunction. Traditional free translations remain “The child heard the missing word” and “A broken promise grows feet.”
EX-0150	✓	Suran nipmarua. Patu nipmarua. Ratu narik anpsirupa. Temti narik irupa. Mak ratumi re narrir temin narik anpkuppa. Ratumi re nar temti nipkinua. Sapa ratumi re narik niphupa. Pirrir ratumi re narik niphimuppa. Kasit ratumi re narrir pirik niphuppa. Ratumi re narrir mik niphuppa? Ratumi re narrir hite narik niphuppa. Mau nar hite ratumi rusinepi. Ratumi re nar temti nipkinui. Mak ratumi re narrir anpkuppir. Mi ratumi re narik an niphupa? Hite narrir ratumi re narik niphimuppa. Hite sapa ratumi re narik an niphupa. Kinatu ratumi re narik an nipsyupa. Hite narin ta pir nipsnua. Hite narin ta ratumi re narik nipkupa. Kinatu ratumi re narik an nipsyupa. Hite narin ta kane mik rupa? Ratumi re nar sapan nar. Kinatu ratumi re narik nipsyupa. Mau nar hite ratumi rusinepi. Ratumi re nar temti nipkinui. Mak ratumi re narrir anpkuppir. Suran nipmarua. Ratumi re nar temti nipkinua. Mire ratumi re narik temti irupa. Kinatut suru an nipsenui. Kinatu nipsnui. Hap pir nipsnua. Kat ratumi re narik inpkupa. Hite narin ta kane ratumi re narik temti arupa. Hap pirik niphupa. Sapa narik an niphupi. Pir nipsnui. Himak yinptirui ya ratu inpnui.	su.ˈran nip.ma.ˈru.a ˈpa.tu nip.ma.ˈru.a ˈra.tu na.ˈrik amp.si.ˈru.pa ˈtem.ti na.ˈrik i.ˈru.pa mak ra.ˈtu.mi re nar.ˈrir te.ˈmin na.ˈrik amp.ˈkup.pa ra.ˈtu.mi re nar ˈtem.ti nip.ki.ˈnu.a ˈsa.pa ra.ˈtu.mi re na.ˈrik ˈnip.hu.pa pir.ˈrir ra.ˈtu.mi re na.ˈrik nip.hi.ˈmup.pa ka.ˈsit ra.ˈtu.mi re nar.ˈrir pi.ˈrik nip.ˈhup.pa ra.ˈtu.mi re nar.ˈrir mik nip.ˈhup.pa ra.ˈtu.mi re nar.ˈrir ˈhi.te na.ˈrik nip.ˈhup.pa mau nar ˈhi.te ra.ˈtu.mi ru.si.ˈne.pi ra.ˈtu.mi re nar ˈtem.ti nip.ki.ˈnu.i mak ra.ˈtu.mi re nar.ˈrir amp.kup.ˈpir mi ra.ˈtu.mi re na.ˈrik an ˈnip.hu.pa ˈhi.te nar.ˈrir ra.ˈtu.mi re na.ˈrik nip.hi.ˈmup.pa ˈhi.te ˈsa.pa ra.ˈtu.mi re na.ˈrik an ˈnip.hu.pa ki.ˈna.tu ra.ˈtu.mi re na.ˈrik an ˈnip.sju.pa ˈhi.te na.ˈrin ta pir ˈnips.nu.a ˈhi.te na.ˈrin ta ra.ˈtu.mi re na.ˈrik ˈnip.ku.pa ki.ˈna.tu ra.ˈtu.mi re na.ˈrik an ˈnip.sju.pa ˈhi.te na.ˈrin ta ˈka.ne mik ˈru.pa ra.ˈtu.mi re nar sa.ˈpan nar ki.ˈna.tu ra.ˈtu.mi re na.ˈrik ˈnip.sju.pa mau nar ˈhi.te ra.ˈtu.mi ru.si.ˈne.pi ra.ˈtu.mi re nar ˈtem.ti nip.ki.ˈnu.i mak ra.ˈtu.mi re nar.ˈrir amp.kup.ˈpir su.ˈran nip.ma.ˈru.a ra.ˈtu.mi re nar ˈtem.ti nip.ki.ˈnu.a ˈmi.re ra.ˈtu.mi re na.ˈrik ˈtem.ti i.ˈru.pa ki.na.ˈtut ˈsu.ru an nip.se.ˈnu.i ki.ˈna.tu ˈnips.nu.i hap pir ˈnips.nu.a kat ra.ˈtu.mi re na.ˈrik ˈimp.ku.pa ˈhi.te na.ˈrin ta ˈka.ne ra.ˈtu.mi re na.ˈrik ˈtem.ti a.ˈru.pa hap pi.ˈrik ˈnip.hu.pa ˈsa.pa na.ˈrik an ˈnip.hu.pi pir ˈnips.nu.i hi.ˈmak jimp.ti.ˈru.i ja ˈra.tu ˈimp.nu.i	suran n-p-mar-u-a pat-u n-p-mar-u-a rat-u nar-i-k a-n-p-sr-u-p-a tem-ti nar-i-k i-r-u-p-a mak rat-u-mi r-e nar-rir tem-i-n nar-i-k a-n-p-k-u-p-p-a rat-u-mi r-e nar tem-ti n-p-kn-u-a sap-a rat-u-mi r-e nar-i-k n-p-h-u-p-a pir-rir rat-u-mi r-e nar-i-k n-p-hm-u-p-p-a kas-i-t rat-u-mi r-e nar-rir pir-i-k n-p-h-u-p-p-a rat-u-mi r-e nar-rir mi-k n-p-h-u-p-p-a rat-u-mi r-e nar-rir ht-e nar-i-k n-p-h-u-p-p-a mau nar ht-e rat-u-mi r-u-sine-p-i rat-u-mi r-e nar tem-ti n-p-kn-u-i mak rat-u-mi r-e nar-rir a-n-p-k-u-p-p-i-r mi rat-u-mi r-e nar-i-k an n-p-h-u-p-a ht-e nar-rir rat-u-mi r-e nar-i-k n-p-hm-u-p-p-a ht-e sap-a rat-u-mi r-e nar-i-k an n-p-h-u-p-a kinat-u rat-u-mi r-e nar-i-k an n-p-se-u-p-a ht-e nar-i-n ta pir n-p-sn-u-a ht-e nar-i-n ta rat-u-mi r-e nar-i-k n-p-k-u-p-a kinat-u rat-u-mi r-e nar-i-k an n-p-se-u-p-a ht-e nar-i-n ta k-a-n-e mi-k r-u-p-a rat-u-mi r-e nar sap-a-n nar kinat-u rat-u-mi r-e nar-i-k n-p-se-u-p-a mau nar ht-e rat-u-mi r-u-sine-p-i rat-u-mi r-e nar tem-ti n-p-kn-u-i mak rat-u-mi r-e nar-rir a-n-p-k-u-p-p-i-r suran n-p-mar-u-a rat-u-mi r-e nar tem-ti n-p-kn-u-a mr-e rat-u-mi r-e nar-i-k tem-ti i-r-u-p-a kinat-u-t sur-u an n-p-sen-u-i kinat-u n-p-sn-u-i h-a-p pir n-p-sn-u-a kat rat-u-mi r-e nar-i-k i-n-p-k-u-p-a ht-e nar-i-n ta k-a-n-e rat-u-mi r-e nar-i-k tem-ti a-r-u-p-a h-a-p pir-i-k n-p-h-u-p-a sap-a nar-i-k an n-p-h-u-p-i pir n-p-sn-u-i hm-a-k y-n-p-tr-u-i ya rat-u i-n-p-n-u-i	rain.ABS U-3-big/much-REAL-PST breath/wind-TH U-3-big/much-REAL-PST path-TH person-TH-ERG DEC-U-3-search-REAL-A.3-PST house-INESS person-TH-ERG INC-move-REAL-A.3-PST food.ABS path-TH-PERL move-DEP person-SOC.DAT house-LNK-GEN person-TH-ERG DEC-U-3-handle-REAL-ORI-A.3-PST path-TH-PERL move-DEP person house-INESS U-3-sit-REAL-PST story.ABS path-TH-PERL move-DEP person-TH-ERG U-3-say-REAL-A.3-PST child-SOC.DAT path-TH-PERL move-DEP person-TH-ERG U-3-promise-REAL-ORI-A.3-PST hearth.fire-LNK-LOC path-TH-PERL move-DEP person-SOC.DAT child-TH-ERG U-3-say-REAL-ORI-A.3-PST path-TH-PERL move-DEP person-SOC.DAT who-ERG U-3-say-REAL-ORI-A.3-PST path-TH-PERL move-DEP person-SOC.DAT old-DEP person-TH-ERG U-3-say-REAL-ORI-A.3-PST NONE person old-DEP path-TH-PERL move-REAL-ABLE-A.3-NPST path-TH-PERL move-DEP person house-INESS U-3-sit-REAL-NPST food.ABS path-TH-PERL move-DEP person-SOC.DAT DEC-U-3-handle-REAL-ORI-A.3-NPST-HAB what.ABS path-TH-PERL move-DEP person-TH-ERG NEG U-3-say-REAL-A.3-PST old-DEP person-SOC.DAT path-TH-PERL move-DEP person-TH-ERG U-3-promise-REAL-ORI-A.3-PST old-DEP story.ABS path-TH-PERL move-DEP person-TH-ERG NEG U-3-say-REAL-A.3-PST settlement-TH path-TH-PERL move-DEP person-TH-ERG NEG U-3-see-REAL-A.3-PST old-DEP person-TH-GEN tool.ABS child.ABS U-3-know-REAL-PST old-DEP person-TH-GEN tool.ABS path-TH-PERL move-DEP person-TH-ERG U-3-handle-REAL-A.3-PST settlement-TH path-TH-PERL move-DEP person-TH-ERG NEG U-3-see-REAL-A.3-PST old-DEP person-TH-GEN tool.ABS handle-NF-EVENT-ESS who-ERG move-REAL-A.3-PST path-TH-PERL move-DEP person story-GEN person settlement-TH path-TH-PERL move-DEP person-TH-ERG U-3-see-REAL-A.3-PST NONE person old-DEP path-TH-PERL move-REAL-ABLE-A.3-NPST path-TH-PERL move-DEP person house-INESS U-3-sit-REAL-NPST food.ABS path-TH-PERL move-DEP person-SOC.DAT DEC-U-3-handle-REAL-ORI-A.3-NPST-HAB rain.ABS U-3-big/much-REAL-PST path-TH-PERL move-DEP person house-INESS U-3-sit-REAL-PST new-DEP path-TH-PERL move-DEP person-TH-ERG house-INESS INC-move-REAL-A.3-PST settlement-TH-LOC water-TH NEG U-3-good/fit-REAL-NPST settlement-TH U-3-know/remember-REAL-NPST say-NF-FACT child.ABS U-3-know/remember-REAL-PST gift.ABS path-TH-PERL move-DEP person-TH-ERG INC-U-3-handle-REAL-A.3-PST old-DEP person-TH-GEN tool.ABS handle-NF-EVENT-ESS path-TH-PERL move-DEP person-TH-ERG house-INESS DEC-move-REAL-A.3-PST say-NF-FACT child-TH-ERG U-3-say-REAL-A.3-PST story.ABS person-TH-ERG NEG U-3-say-REAL-A.3-NPST child.ABS U-3-know/remember-REAL-NPST promise-NF-STATE MID-U-3-cut/split-REAL-NPST CONJ path-TH INC-U-3-live/grow-REAL-NPST	Rain and wind were heavy. A person lost the path and entered a house. A person of the house gave food to the traveler, who remained there. The traveler told a story and promised the child. At the hearth the child addressed the traveler. First: “Who told the traveler?” An old person had told the traveler: no one can travel the old path; a traveler stays in the house, and food is customarily given to the traveler. Second: “What did the traveler not say?” The traveler had promised the old person and did not tell the old story, then claimed the traveler had not seen the settlement. The child recognized the old person's tool and saw the traveler holding it. Third, the child repeated, “The traveler did not see the settlement,” and asked, “Who went carrying the old person's tool?” The guest was the person in the story: the traveler had seen the settlement. The whole message was then repeated: the old path was unsafe, a traveler was to remain under the roof, and food was owed to the traveler. Rain was still heavy, so the exposed guest remained sheltered. A newly arrived traveler came in. At the settlement the water was unfit; the settlement, construed as PERSON, remembered. The child retained the corrected message. The guest received a gift, but left the house still carrying the old person's tool. Later the child repeated the message. The tale closes: a story may be left untold and the child still knows; a pledge breaks, and a path grows.	G-PHON-004,G-PHON-011,G-MORPH-002,G-MORPH-003,G-MORPH-005,G-MORPH-006,G-MORPH-007,G-MORPH-008,G-MORPH-009,G-MORPH-011,G-MORPH-017,G-MORPH-019,G-SYN-002,G-SYN-006,G-SYN-007,G-SYN-009,G-SYN-010,G-SYN-011,G-SEM-003,G-SEM-005,G-PRAG-001,G-PRAG-003,G-DISC-003,G-DISC-005		L-0001,L-0004,L-0005,L-0006,L-0008,L-0009,L-0011,L-0014,L-0015,L-0017,L-0018,L-0019,L-0021,L-0037,L-0039,L-0042,L-0045,L-0046,L-0052,L-0056,L-0059,L-0065,L-0068,L-0071,L-0072,L-0082,L-0086	Phase 2b guest-storyteller regression. Controlled traveler MOVE is ERG+A. When the newly arrived traveler remains discourse-prominent, the PERSON-like settlement is lexically reintroduced as kinatu rather than ambiguously resumed with ri. Testimony, hospitality, custody, and nested speech otherwise use ordinary grammar.
EX-0151	✓	sumat	su.ˈmat	sum-a-t	fungus-TH-LOC	at/among the fungi	G-MORPH-002,G-MORPH-010,G-MORPH-011		L-0089	FUNGUS/MUSHROOM is canonically GROWING; the class assignment is a cultural construal of living/renewing forest yield.
EX-0152	✓	pur kane rupi	pur ˈka.ne ˈru.pi	pur k-a-n-e r-u-p-i	load.ABS handle-NF-EVENT-ESS move-REAL-A.3-NPST	they carry a load	G-MORPH-003,G-SYN-008,G-SEM-005		L-0090,L-0006,L-0005	Literal LOAD supplies the concrete source for the later responsibility/liability metaphor.
EX-0153	✓	Suran nipmare, ratumi re nar temti nipkinui.	su.ˈran ˈnip.ma.re ra.ˈtu.mi re nar ˈtem.ti nip.ki.ˈnu.i	suran n-p-mar-e rat-u-mi r-e nar tem-ti n-p-kn-u-i	rain.ABS U-3-big/much-DEP path-TH-PERL move-DEP person house-INESS U-3-sit-REAL-NPST	If rain is heavy, the traveler stays in the house.	G-MORPH-005,G-MORPH-006,G-SYN-012		L-0086,L-0014,L-0046,L-0005,L-0017,L-0037,L-0042	Older compact bare-DEP conditional remains grammatical beside ordinary overt matut; this regression confirms it outside assembly speech.
EX-0154	✓	Ratu pirrir hite narik nipsemuppi.	ˈra.tu pir.ˈrir ˈhi.te na.ˈrik nip.se.ˈmup.pi	rat-u pir-rir ht-e nar-i-k n-p-se-m-u-p-p-i	path-TH child-SOC.DAT old-DEP person-TH-ERG U-3-see-LEX.CAUS-REAL-ORI-A.3-NPST	the elder guides the child by showing the path	G-MORPH-006,G-MORPH-009,G-MORPH-011,G-MORPH-015,G-SEM-003,G-SEM-006		L-0046,L-0018,L-0071,L-0017,L-0008	PATH + SHOW + ORIENTEE is the conventional GUIDE construction; overt PATH remains required.
EX-0155	✓	Hap pirrir hite narik nipsnutpi.	hap pir.ˈrir ˈhi.te na.ˈrik nips.ˈnut.pi	h-a-p pir-rir ht-e nar-i-k n-p-sn-u-t-p-i	say-NF-FACT child-SOC.DAT old-DEP person-TH-ERG U-3-know-REAL-CAUS-A.3-NPST	the elder teaches the child the proposition / makes the child know it	G-MORPH-003,G-MORPH-006,G-MORPH-011,G-MORPH-015,G-SEM-006		L-0001,L-0018,L-0071,L-0017,L-0009	Propositional teaching uses productive syntactic CAUS of KNOW; the learner is the ordinary causee and FACT remains content.
EX-0156	✓	Pur inpke, pur nipkupi. Pur an inpke, pur an anpkupi.	pur ˈimp.ke pur ˈnip.ku.pi pur an ˈimp.ke pur an ˈamp.ku.pi	pur i-n-p-k-e pur n-p-k-u-p-i pur an i-n-p-k-e pur an a-n-p-k-u-p-i	burden.ABS INC-U-3-handle-DEP burden.ABS U-3-handle-REAL-A.3-NPST burden.ABS NEG INC-U-3-handle-DEP burden.ABS NEG DEC-U-3-handle-REAL-A.3-NPST	If responsibility is accepted, it is borne. If responsibility is not accepted, it is not transferred away.	G-MORPH-005,G-MORPH-006,G-MORPH-008,G-SYN-007,G-SYN-012,G-SEM-003		L-0090,L-0006	Custody/responsibility transfer is gated by acceptance; pur does not itself assert guilt.
EX-0157	✓	Ratu niptire, mire ratu narik nipmitupi. Himak yinptire, risake kat nipnirupi.	ˈra.tu ˈnip.ti.re ˈmi.re ˈra.tu na.ˈrik nip.mi.ˈtu.pi hi.ˈmak ˈjimp.ti.re ri.ˈsa.ke kat nip.ni.ˈru.pi	rat-u n-p-tr-e mr-e rat-u nar-i-k n-p-mt-u-p-i hm-a-k y-n-p-tr-e rs-a-k-e kat n-p-nr-u-p-i	path-TH U-3-cut-DEP new-DEP path-TH person-TH-ERG U-3-make-REAL-A.3-NPST promise-NF-STATE MID-U-3-cut-DEP different-NF-STATE-ESS gift.ABS U-3-return-REAL-A.3-NPST	If a path is cut, a new path is made. If a pledge breaks, a changed return is made.	G-PHON-011,G-MORPH-003,G-MORPH-005,G-MORPH-006,G-MORPH-017,G-SYN-012,G-SEM-003,G-DISC-006		L-0046,L-0011,L-0072,L-0017,L-0010,L-0052,L-0060,L-0045,L-0054	Assembly formulas now follow the productive contemporary repair system; conservative register is lexical and rhetorical rather than a separate phonology.
EX-0158	✓	nuru narik nipsyupi. ri nipsnui. tanu narik nipsyupi. ri nipsnui. nurrir ya tanrir narik niphimuppi. rya nipsnui.	ˈnu.ru na.ˈrik ˈnip.sju.pi ri ˈnips.nu.i ˈta.nu na.ˈrik ˈnip.sju.pi ri ˈnips.nu.i nur.ˈrir ja tan.ˈrir na.ˈrik nip.hi.ˈmup.pi rja ˈnips.nu.i	nur-u nar-i-k n-p-se-u-p-i ri n-p-sn-u-i tan-u nar-i-k n-p-se-u-p-i ri n-p-sn-u-i nur-rir ya tan-rir nar-i-k n-p-hm-u-p-p-i rya n-p-sn-u-i	river-TH person-TH-ERG U-3-see-REAL-A.3-NPST 3.PERSON.ABS U-3-know/remember-REAL-NPST forest.tract-TH person-TH-ERG U-3-see-REAL-A.3-NPST 3.PERSON.ABS U-3-know/remember-REAL-NPST river-SOC.DAT CONJ forest.tract-SOC.DAT person-TH-ERG U-3-promise-REAL-ORI-A.3-NPST 3.PERSON.PL.ABS U-3-know/remember-REAL-NPST	People see River and overtly resume it as PERSON; they do the same with Forest. People then pledge themselves to River and Forest, and they remember.	G-MORPH-006,G-MORPH-009,G-MORPH-011,G-MORPH-016,G-SYN-013,G-PRAG-001,G-PRAG-002,G-DISC-002,G-DISC-003,G-DISC-006		L-0027,L-0031,L-0017,L-0008,L-0052,L-0009	The two overt ri clauses establish nonhuman PERSON licenses before SOCIAL DAT. Same-role NP coordination repeats case, and later rya resumes the two PERSON referents jointly.
EX-0159	✓	Hure matut mau suma nipnua.	ˈhu.re ma.ˈtut mau ˈsu.ma ˈnip.nu.a	hur-e matu-t mau sum-a n-p-n-u-a	cold-DEP season-LOC NONE fungus-TH U-3-live/grow-REAL-PST	In the cold season, no fungi were present / available.	G-MORPH-002,G-MORPH-005,G-MORPH-006,G-SYN-011,G-SYN-014		L-0016,L-0069,L-0089,L-0004	Temporal seasons take LOC; ecological availability uses LIVE/GROW rather than a verbless existential.
EX-0160	✓	Masi niphupi	ˈma.si ˈnip.hu.pi	Masi n-p-h-u-p-i	Masi U-3-say-REAL-ORI-NPST	they are called Masi	G-MORPH-006,G-MORPH-009,G-SYN-015		L-0081,L-0001	Impersonal naming suppresses generic A; U indexes the named participant and the surviving -p is ORIENTEE. For 3P this is surface-homophonous with ordinary 3A SAY.
EX-0161	✓	sene suma	ˈse.ne ˈsu.ma	sen-e sum-a	good/fit-DEP fungus-TH	edible / culturally safe-to-eat fungus	G-MORPH-005,G-SYN-003		L-0015,L-0089	GOOD/FIT has a conventional food-domain EDIBLE sense; broad suma remains neutral unless context or modification identifies edible fungi.
EX-0162	✓	hanu narin he	ˈha.nu na.ˈrin he	han-u nar-i-n he	world-TH person-TH-GEN POLQ	the world—of people? / is the world people's?	G-MORPH-002,G-SYN-009,G-SYN-010		L-0066,L-0017	GEN predication is licensed only as tight question-answer ellipsis; ordinary assertions retain GEN inside a nominal relation.
EX-0163	✓	uru maka narik an inpkupi	ˈu.ru ˈma.ka na.ˈrik an ˈimp.ku.pi	uru mak-a nar-i-k an i-n-p-k-u-p-i	ALL fruit-TH person-TH-ERG NEG INC-U-3-handle-REAL-A.3-NPST	people do not take all edible yield	G-MORPH-006,G-MORPH-008,G-SYN-007,G-SYN-011,G-SEM-003		L-0055,L-0017,L-0006	With ALL plus propositional NEG, NEG scopes over ALL by default: NOT-ALL, not NONE.
EX-0164	✓	hisa	ˈhi.sa	hs-a	hear/listen-NF	hear; listen; heed	G-LEX-001		L-0091	Lexical regression: involuntary HEAR and deliberate LISTEN/HEED are listed sense defaults, not productive fluid-S.
EX-0165	✓	kura : kuru	ˈku.ra : ˈku.ru	kr-a : kuru	beat-NF : heart.ABS	beat/pulse : heart	G-MORPH-010		L-0094,L-0095	Fossil lexical regression: HEART is historically deverbal but synchronically a noun; REAL kuru 'beats' and noun kuru 'heart' are homophonous without productive zero derivation.
EX-0166	✓	naka	ˈna.ka	nk-a	drink-NF	drink	G-LEX-001		L-0096	Synchronically independent DRINK; HANDLE+WATER survives only as lexical history and does not license productive compounding.
EX-0167	✓	kera	ˈke.ra	kr-a	carry-NF	carry; transport while moving	G-LEX-001		L-0097	Synchronically indivisible CARRY from old HANDLE+MOVE; the historical source is recognizable but grammatically inert.
EX-0168	✓	mura : taka	ˈmu.ra : ˈta.ka	mr-a : tk-a	smell-NF : touch-NF	smell : touch/feel	G-LEX-001		L-0092,L-0093	Independent sensory roots retained after child-hero testing; intentional versus nonintentional alignment is lexically specified by sense.
EX-0169	✓	Matut suran nipmare, ratumi re nar temti nipkinui.	ma.ˈtut su.ˈran ˈnip.ma.re ra.ˈtu.mi re nar ˈtem.ti nip.ki.ˈnu.i	matu-t suran n-p-mar-e rat-u-mi r-e nar tem-ti n-p-kn-u-i	time-LOC>COND rain.ABS U-3-big/much-DEP path-TH-PERL move-DEP person house-INESS U-3-sit-REAL-NPST	If/when rain is heavy, the traveler stays in the house.	G-MORPH-002,G-MORPH-005,G-MORPH-006,G-SYN-012		L-0069,L-0086,L-0014,L-0046,L-0005,L-0017,L-0037,L-0042	Younger ordinary overt conditional matut comes from “at the time/turn”; clause-edge position distinguishes it from lexical season-LOC matut.
EX-0170	✓	Hapim suran nipmare, ratumi re nar temti nipkinui.	ha.ˈpim su.ˈran ˈnip.ma.re ra.ˈtu.mi re nar ˈtem.ti nip.ki.ˈnu.i	h-a-p-i-m suran n-p-mar-e rat-u-mi r-e nar tem-ti n-p-kn-u-i	say-NF-FACT-LNK-INS>BECAUSE rain.ABS U-3-big/much-DEP path-TH-PERL move-DEP person house-INESS U-3-sit-REAL-NPST	Because rain is heavy, the traveler stays in the house.	G-MORPH-002,G-MORPH-003,G-MORPH-005,G-MORPH-006,G-SYN-016		L-0001,L-0086,L-0014,L-0046,L-0005,L-0017,L-0037,L-0042	Causal hapim is a frozen FACT+INS linker; productive FACT and INS remain independently available.
EX-0171	✓	panit : murut	pa.ˈnit : mu.ˈrut	pan-i-t : mur-u-t	wood-LNK-LOC : stone-TH-LOC	at the timber; at the stone	G-MORPH-002,G-MORPH-010,G-MORPH-011		L-0025,L-0026	Theme-less MADE pan uses generalized linker i, while apocopated LAND/WATER mur reveals its stored u-theme under suffixation.
EX-0172	✓	hira pana	ˈhi.ra ˈpa.na	hira pan-a	PROX tree-TH	this tree	G-SYN-021		L-0109,L-0024	Ordinary demonstrative order is prenominal; this repairs the stale postnominal documentation.
EX-0173	✓	hirat : arat	hi.ˈrat : a.ˈrat	hira-t : ara-t	PROX-LOC : DIST-LOC	here : there	G-MORPH-002,G-SYN-021		L-0109,L-0110	Place adverbs transparently reuse demonstrative stems plus LOC.
EX-0174	✓	panau huyuk	pa.ˈnau hu.ˈjuk	pan-a-u huyuk	tree-TH-PL eight	eight trees	G-MORPH-001,G-MORPH-012,G-SYN-020,G-SYN-022		L-0024,L-0106	THREE and higher select plural; the cardinal remains postnominal.
EX-0175	✓	tu yun yuk	tu jun juk	tu yun yuk	two ten three	twenty-three	G-SYN-022		L-0100,L-0108,L-0101	Higher counting is multiplicative by tens with a following additive unit.
EX-0176	✓	yukin sa pe	ju.ˈkin sa pe	yuk-i-n sa pe	three-LNK-GEN part one	one third; one of three equal parts	G-MORPH-002,G-MORPH-020,G-SYN-023		L-0101,L-0040,L-0099	The denominator is substantivized and GEN-marked; the numerator follows PART by ordinary cardinal order.
EX-0177	✓	yukin sa tu	ju.ˈkin sa tu	yuk-i-n sa tu	three-LNK-GEN part two	two thirds; two of three equal parts	G-MORPH-002,G-MORPH-020,G-SYN-023		L-0101,L-0040,L-0100	Fractions remain productive PART syntax rather than a dedicated fractional paradigm.
EX-0178	✓	panau tu pari	pa.ˈnau tu ˈpa.ri	pan-a-u tu pari	tree-TH-PL two each	two trees each; trees two apiece	G-MORPH-012,G-SYN-020,G-SYN-023		L-0024,L-0100,L-0111	EACH follows the numeral and adds distributive scope without changing number selection.
EX-0179	✓	hami yun	ˈha.mi jun	hami yun	ABOUT ten	about ten	G-SYN-024		L-0112,L-0108	Approximation is an independent general operator, not special numeral morphology.
EX-0180	✓	ara pana	ˈa.ra ˈpa.na	ara pan-a	DIST tree-TH	that tree	G-SYN-021,G-MORPH-016		L-0110,L-0024	Expanded distal ara remains historically tied to reduced THING pronoun a without being synchronically identical to it.
EX-0181	✓	Tanut suma nipnui.	ta.ˈnut ˈsu.ma ˈnip.nu.i	tan-u-t sum-a n-p-n-u-i	forest-TH-LOC fungus-TH U-3-live/grow-REAL-NPST	Mushrooms are growing/present in the forest.	G-SYN-014,G-SYN-026		L-0031,L-0089,L-0004	Living ecological availability favors LIVE/GROW.
EX-0182	✓	Kam arat nipkinui.	kam a.ˈrat nip.ki.ˈnu.i	kam ara-t n-p-kn-u-i	basket DIST-LOC U-3-sit-REAL-NPST	The basket is there.	G-SYN-014,G-SYN-021,G-SYN-026		L-0123,L-0110,L-0042	Bounded object location favors SIT/REMAIN.
EX-0183	✓	Kam mit nipkinui?	kam mit nip.ki.ˈnu.i	kam mi-t n-p-kn-u-i	basket what-LOC U-3-sit-REAL-NPST	Where is the basket?	G-SYN-009,G-SYN-028		L-0123	WHERE remains regular interrogative mi+LOC.
EX-0184	✓	pika : kima : nisa : hara : mina : sita	ˈpi.ka : ˈki.ma : ˈni.sa : ˈha.ra : ˈmi.na : ˈsi.ta	pk-a : km-a : ns-a : har-a : mn-a : st-a	gather-NF : place-NF : wish-NF : abandon-NF : hungry-NF : forget-NF	gather : place : wish : abandon : be hungry : forget an object/task	G-PHON-002,G-SEM-007		L-0115,L-0116,L-0117,L-0118,L-0119,L-0121	Ordinary lexical expansion preserves regular biconsonantal citation repair and semantic distinctions.
EX-0185	✓	mina : nise	ˈmi.na : ˈni.se	mn-a : ns-e	hungry-NF : wish-DEP>WANT	be hungry : WANT (auxiliary source)	G-SYN-027,G-MORPH-019		L-0119,L-0117	Bodily hunger remains lexical and distinct from the WANT auxiliary.
EX-0186	✓	sina : asna : sita	ˈsi.na : ˈas.na : ˈsi.ta	sn-a : a-sn-a : st-a	know-NF : DECR-know-NF : forget.object/task-NF	know/remember : forget/lose knowledge : forget an object or task	G-SEM-003,G-SYN-029		L-0009,L-0121	Cognitive forgetting remains distinct from object/task lapse.
EX-0187	✓	hara : kam arat nipkinui	ˈha.ra : kam a.ˈrat nip.ki.ˈnu.i	har-a : kam ara-t n-p-kn-u-i	abandon-NF : basket DIST-LOC U-3-sit-REAL-NPST	intentionally abandon : the basket remained there	G-SYN-029,G-SEM-007		L-0118,L-0123,L-0110,L-0042	Intentional ABANDON contrasts with an accidental/resultative location description.
EX-0188	✓	i Masi	i ˈma.si	i Masi	CALL Masi	Masi! (calling for attention)	G-SYN-030		L-0122,L-0081	Optional fossil-vocative-derived calling particle; not productive case.
EX-0189	✓	Kam mit nipkinui? Arat nipkinui.	kam mit nip.ki.ˈnu.i a.ˈrat nip.ki.ˈnu.i	kam mi-t n-p-kn-u-i ara-t n-p-kn-u-i	basket what-LOC U-3-sit-REAL-NPST DIST-LOC U-3-sit-REAL-NPST	Where is the basket? It is there.	G-SYN-009,G-SYN-014,G-SYN-028		L-0123,L-0110,L-0042	Short ordinary dialogue regression for spatial question and bounded-object location.
EX-0190	✓	Tanut suma nipnui. Kam arat nipkinui. Kam mit nipkinui? Arat nipkinui.	ta.ˈnut ˈsu.ma ˈnip.nu.i kam a.ˈrat nip.ki.ˈnu.i kam mit nip.ki.ˈnu.i a.ˈrat nip.ki.ˈnu.i	tan-u-t sum-a n-p-n-u-i | kam ara-t n-p-kn-u-i | kam mi-t n-p-kn-u-i | ara-t n-p-kn-u-i	forest-TH-LOC fungus-TH U-3-live/grow-REAL-NPST | basket DIST-LOC U-3-sit-REAL-NPST | basket what-LOC U-3-sit-REAL-NPST | DIST-LOC U-3-sit-REAL-NPST	Mushrooms are growing in the forest. The basket is there. Where is the basket? It is there.	G-SYN-014,G-SYN-026,G-SYN-028		L-0031,L-0089,L-0004,L-0123,L-0110,L-0042	Compact connected ordinary-life regression contrasting ecological LIVE with bounded SIT and then reusing the location in dialogue.
EX-0191	✓	hirari nar	hi.ˈra.ri nar	hira-ri nar	PROX-PERSON person	this particular/salient person	G-SYN-021,G-MORPH-013		L-0071	Classifier-bearing demonstrative identifies a salient PERSON referent without creating a definite article.
EX-0192	✓	ara	ˈa.ra	ara	THEN	then; after that	G-DISC-008		L-0110	Invariant temporal-discourse ara resumes an established event; it is distinct from nominal distal ara with classifier morphology.
EX-0193	✓	sin	sin	sin	MAYBE	maybe; possibly	G-DISC-009		L-0124	Optional uncertainty particle descended from ABLE; not an evidential.
EX-0194	✓	pat	pat	pat	BUT	but; however	G-DISC-009		L-0128	Opaque modern adversative; bare correction and contrasting evidence remain available.
EX-0195	✓	nuta : yiha	ˈnu.ta : ˈji.ha	nut-a : yiha	think-NF : suppose	think/deliberate : suppose/tentatively judge	G-DISC-009		L-0125,L-0126	Lexical contrast keeps deliberate cognition distinct from tentative judgment.
EX-0196	✓	nakara	na.ˈka.ra	naka-ra	drink-HORT	let's drink	G-SYN-018		L-0096	COME/MOVE-derived finite hortative is productive with a controllable joint action.
EX-0197	✓	tamîk	ta.ˈmik	tam-i-i-k	hand-TH-1.POSS-ERG	my hand (ergative)	G-PHON-008,G-PHON-009,G-MORPH-016		L-0022	Heavy î from theme+1POSS remains intact before consonantal ERG; no coda shortening applies.
EX-0198	✓	taim	taim	ta-i-m	tool-LNK-INS	with a tool	G-PHON-008,G-PHON-009,G-MORPH-002		L-0039	Theme-less TOOL takes the generalized linker before consonant-only INS; ai remains heavy before final m.
EX-0199	✓	ta pirir nipmituhirki	ta pir.ˈrir nip.mi.tu.ˈhir.ki	ta pir-i-r n-p-mt-u-h-r-k-i	tool.ABS child-TH-DAT U-3-make-REAL-INST-AFF-A.1-NPST	I make this particular tool for the child	G-PHON-010,G-MORPH-006,G-MORPH-009,G-MORPH-018		L-0039,L-0018,L-0010	INST before sonorant AFF r uses transparent i-repair rather than the older stop-only strengthening.
