lexeme_id	lemma	ipa	pos	features	etymology	sense_id	definition	usage	notes
L-0001	ha	ha	V	root=h;root_shape=mono;grades=a/u/i/e;alignment=transitive;voice=restricted	inherited root *h	L-0001-S01	say; speak; voice an utterance	Core speech verb.	Preserved from the experimental bootstrap.
L-0002	pa	pa	V	root=p;root_shape=mono;grades=a/u/i/e;alignment=fluid_s;bias=active	inherited root *p	L-0002-S01	breathe; emit or expel from a source	Core emission/breathing verb.	Fluid-S; active construal is the default.
L-0003	ma	ma	V	root=m;root_shape=mono;grades=a/u/i/e;alignment=stative_biased	inherited root *m	L-0003-S01	sleep; rest	Ordinarily inactive/stative.	Agentive-S requires exceptional deliberate-control coercion.
L-0004	na	na	V	root=n;root_shape=mono;grades=a/u/i/e;alignment=stative_biased	inherited root *n	L-0004-S01	live; grow	Life/growth predicate.	Ordinarily inactive/stative; agentive-S requires exceptional deliberate-maintenance coercion.
L-0005	ra	ra	V	root=r;root_shape=mono;grades=a/u/i/e;alignment=fluid_s;bias=active	inherited root *r	L-0005-S01	move; go	Direction-neutral motion root.	Fluid-S; active construal is the default and phase/case supply path orientation.
L-0005	ra	ra	V	root=r;root_shape=mono;grades=a/u/i/e;alignment=fluid_s;bias=active;aux_source=INTEND	grammaticalized from MOVE/GO DEP re	L-0005-S02	intend; plan to (auxiliary source)	Young modal AUX surfaces as DEP re.	As AUX, follows PHASE/ABLE by default and may reverse with CONTINUE for scope.
L-0006	ka	ka	V	root=k;root_shape=mono;grades=a/u/i/e;alignment=transitive;voice=mid_refl_productive;recp=maintain_only	inherited root *k	L-0006-S01	handle; hold under immediate control; move or transfer by handling	Core manipulation/transfer verb; MAINTAIN can describe immediate keeping/control of a manipulable theme.	Productively licenses MID/REFL uses; RECP is restricted to MAINTAIN REL. Alienable ownership itself remains a nominal GEN relation, not a separate HAVE verb.
L-0006	ka	ka	V	root=k;root_shape=mono;grades=a/u/i/e;alignment=transitive;voice=mid_refl_productive;rel_profile=transfer;recp=blocked	conventionalized INCREASE construal of HANDLE/TRANSFER	L-0006-S02	receive; take toward oneself	Requires INCREASE REL i- in the directional transfer reading.	Contrasts with neutral transfer and DECREASE give/send-away; RECP is blocked in this deictically inward sense.
L-0006	ka	ka	V	root=k;root_shape=mono;grades=a/u/i/e;alignment=transitive;voice=mid_refl_productive;rel_profile=transfer;recp=blocked	conventionalized DECREASE construal of HANDLE/TRANSFER	L-0006-S03	give; send away	Requires DECREASE REL a- in the directional transfer reading.	Contrasts with neutral transfer and INCREASE receive/take-toward-self; RECP is blocked in this deictically outward sense.
L-0007	pisa	ˈpisa	V	root=ps;root_shape=biconsonantal;grades=a/u/i/e;alignment=transitive;voice=restricted	inherited root *ps; epenthetic i repairs the root cluster	L-0007-S01	eat; consume	Core consumption verb.	Citation form is the nonfinite a-grade.
L-0008	sya	sja	V	root=se;root_shape=lexical_vowel;grades=a/u/i/e;alignment=transitive;voice=restricted;lex_caus_profile=visibility	inherited lexical-vocalic root *se; *se-a > sya	L-0008-S01	see; witness	Perception and direct-witnessing verb.	Regular grade surfaces are sya NF, syu REAL, së IRREAL, sê DEP. LEX.CAUS se-m conventionalizes SHOW; REL yields INCREASE REVEAL, MAINTAIN SHOW, DECREASE HIDE.
L-0009	sina	ˈsina	V	root=sn;root_shape=biconsonantal;grades=a/u/i/e;alignment=sense_split;default=knowledge_u;active=deliberate_recall;rel_profile=knowledge;content_nonpo=yes	inherited root *sn; epenthetic i repairs the root cluster	L-0009-S01	know; remember	MAINTAIN is know/remember; INCREASE is learn/realize/come to understand; DECREASE is forget/lose knowledge. In the stative construction the experiencer controls U while an overt known NAME/STORY/FACT remains a non-PO content argument.	Deliberate recall/attention is A-aligned. The content argument does not steal U from the stative experiencer.
L-0009	sina	ˈsina	V	root=sn;root_shape=biconsonantal;grades=a/u/i/e;alignment=sense_split;default=knowledge_u;active=deliberate_recall;aux_source=ABLE	grammaticalized from KNOW/REMEMBER DEP sine	L-0009-S02	be able; can (auxiliary source)	Young modal AUX surfaces as DEP sine.	As AUX, follows PHASE by default and may reverse with BEGIN for scope.
L-0010	mita	ˈmita	V	root=mt;root_shape=biconsonantal;grades=a/u/i/e;alignment=transitive;mid=result_anticausative	inherited root *mt; epenthetic i repairs the root cluster	L-0010-S01	make; shape; form	Core manufacture/formation verb.	Ordinary transitive alignment.
L-0011	tira	ˈtira	V	root=tr;root_shape=biconsonantal;grades=a/u/i/e;alignment=transitive;mid=productive_anticausative	inherited root *tr; epenthetic i repairs the root cluster	L-0011-S01	cut; split	Alteration verb.	Productively licenses MID anticausatives.
L-0012	sika	ˈsika	V	root=sk;root_shape=biconsonantal;grades=a/u/i/e;alignment=transitive;mid=productive_anticausative	inherited root *sk; epenthetic i repairs the root cluster	L-0012-S01	burn; cook	Thermal alteration verb.	Productively licenses MID anticausatives.
L-0013	tina	ˈtina	V	root=tn;root_shape=biconsonantal;grades=a/u/i/e;alignment=transitive;voice=mid_refl_productive	inherited root *tn; epenthetic i repairs the root cluster	L-0013-S01	join; gather	Connection/assembly verb.	Productively licenses MID/REFL uses.
L-0014	mara	ˈmara	V	root=mar;root_shape=biconsonantal;grades=a/u/i/e;alignment=fixed_stative	inherited root *mar	L-0014-S01	be big; be much; be great in amount	Stative property verb.	Adjectival uses are ordinary stative-verb constructions.
L-0015	sena	ˈsena	V	root=sen;root_shape=biconsonantal;grades=a/u/i/e;alignment=fixed_stative	inherited root *sen	L-0015-S01	be good; fit; suitable	Stative evaluative/fit predicate.	Fixed inactive/stative alignment.
L-0015	sena	ˈsena	V	root=sen;root_shape=biconsonantal;grades=a/u/i/e;alignment=fixed_stative;aux_source=NECESSARY	grammaticalized from GOOD/FIT DEP sene	L-0015-S02	be necessary; need to (auxiliary source)	Young modal AUX surfaces as DEP sene.	Outermost core AUX class by default.
L-0015	sena	ˈsena	V	root=sen;root_shape=biconsonantal;grades=a/u/i/e;alignment=fixed_stative;food_domain=edible	food-domain specialization of GOOD/FIT	L-0015-S03	be edible; culturally acceptable and safe as food	General food-suitability stative; DEP sene can modify otherwise neutral food candidates such as suma.	This sense concerns culturally recognized safe/acceptable food, not mere biological digestibility; maka remains lexically edible yield.
L-0016	hura	ˈhura	V	root=hur;root_shape=biconsonantal;grades=a/u/i/e;alignment=fixed_stative	inherited root *hur	L-0016-S01	be cold	Temperature predicate.	Fixed inactive/stative alignment.
L-0017	nar	nar	N	class=ANIMATE;theme=i;apocope=ABS.SG;social_case=rir/rima	Pre-Proto *nar-i; word-final theme lost in ABS.SG	L-0017-S01	person; human being	High-frequency generic human noun.	Suffixation reveals the stored i-theme; ESS is regular narye; person construal licenses SOCIAL DAT -rir and COM -rima.
L-0018	pir	pir	N	class=ANIMATE;theme=i;apocope=ABS.SG;residual=yes	Pre-Proto *pir-i; word-final theme lost in ABS.SG	L-0018-S01	child; young person	Ordinary animate noun.	Suffixation reveals the stored i-theme; ESS is regular pirje.
L-0019	suru	ˈsuru	N	class=LAND/WATER;theme=u	inherited *sur-u	L-0019-S01	water	Basic environmental noun.	LAND/WATER conservative theme behavior applies.
L-0020	kasu	ˈkasu	N	class=LAND/WATER;theme=u;paired=L-0021	inherited root *kas with LAND/WATER theme *-u	L-0020-S01	wild or naturally occurring fire	Environmental/domain construal of fire.	Contrasts with MADE kas for controlled/hearth fire.
L-0021	kas	kas	N	class=MADE;theme=zero;class_shift_from=L-0020	class-shifted *kas with MADE zero theme	L-0021-S01	hearth fire; controlled fire	Fire construed as maintained or technologically controlled.	Productive construal pair with LAND/WATER kasu.
L-0022	tam	tam	N	class=ANIMATE;theme=i;apocope=ABS.SG;inalienable=yes	Pre-Proto *tam-i; word-final theme lost in ABS.SG	L-0022-S01	hand	Living body-part noun.	Inalienable possession is ordinary; processed detached material may shift to MADE.
L-0023	kir	kir	N	class=ANIMATE;theme=i;apocope=ABS.SG;inalienable=yes;natural_pair=yes	Pre-Proto *kir-i; word-final theme lost in ABS.SG	L-0023-S01	eye	Living body-part noun and canonical natural-pair noun.	Dual denotes the coherent pair in ordinary contexts.
L-0024	pana	ˈpana	N	class=GROWING;theme=a;paired=L-0025	inherited root *pan with GROWING theme *-a	L-0024-S01	tree; living tree	Growing-source construal.	Contrasts with MADE pan wood/timber.
L-0025	pan	pan	N	class=MADE;theme=zero;class_shift_from=L-0024	class-shifted *pan with MADE zero theme	L-0025-S01	wood; timber	Extracted/usable material construal of the tree root.	Demonstrates GROWING to MADE class shift.
L-0026	mur	mur	N	class=LAND/WATER;theme=u;apocope=ABS.SG	Pre-Proto *mur-u; word-final theme lost in ABS.SG	L-0026-S01	stone; rock	Basic landscape/material noun.	Suffixation reveals the stored u-theme after ABS.SG apocope.
L-0027	nuru	ˈnuru	N	class=LAND/WATER;theme=u;residual=yes	inherited *nur-u; route use helped preserve older PERL *-mi before its later productive generalization	L-0027-S01	river; flowing watercourse	Basic landscape noun.	INS is nurum; productive PERL is nurumi.
L-0027	nuru	ˈnuru	N	class=LAND/WATER;theme=u;residual=yes	semantic extension from river corridor to conventional route	L-0027-S02	river-route; travel corridor following a river	Culturally conventional path sense.	Same lexeme as RIVER, not a separate route noun.
L-0028	saru	ˈsaru	N	class=LAND/WATER;theme=u	inherited *sar-u	L-0028-S01	sea; coastal sea	Maritime environmental noun.	LAND/WATER class.
L-0029	karu	ˈkaru	N	class=LAND/WATER;theme=u	inherited *kar-u	L-0029-S01	upland; high country	Landscape noun.	GEN is regular karun by stored-theme retention.
L-0030	tana	ˈtana	N	class=GROWING;theme=a;paired=L-0031	inherited root *tan with GROWING theme *-a	L-0030-S01	forest vegetation; living forest growth	Vegetational construal of forest.	Contrasts with LAND/WATER tanu forest tract.
L-0031	tanu	ˈtanu	N	class=LAND/WATER;theme=u;paired=L-0030	inherited root *tan with LAND/WATER theme *-u	L-0031-S01	forest tract; woodland territory	Landscape/territorial construal of forest.	Same semantic root as GROWING tana; GEN is regular tanun by stored-theme retention.
L-0032	rum	rum	N	class=ANIMATE;theme=i;apocope=ABS.SG	Pre-Proto *rum-i; word-final theme lost in ABS.SG	L-0032-S01	fish	Ordinary animal noun.	Inflected forms retain the inherited i-theme where protected.
L-0033	sami	ˈsami	N	class=ANIMATE;theme=i	inherited *sam-i	L-0033-S01	herd animal; cervid-like pastoral animal	Culturally important mobile animal.	May receive person-like discourse construal without changing lexical class.
L-0034	hari	ˈhari	N	class=ANIMATE;theme=i;lexical_collective=yes	inherited *har-i	L-0034-S01	age cohort; initiated lifelong cohort	Lexically collective social noun.	Productive number counts cohorts rather than individual members when construed collectively.
L-0035	tinan	tiˈnan	N	derived=EVENT;source=L-0013;class=none	lexicalized EVENT nominal *tn-a-n > tinan	L-0035-S01	seasonal assembly; gathering	Lexicalized event noun from JOIN/GATHER.	Retains generalized derivative inflection rather than an inherited noun class.
L-0036	hani	ˈhani	N	class=ANIMATE;theme=i	inherited *han-i	L-0036-S01	ancestor; remembered dead person	Social/ritual animate noun.	Collective ancestral presence may develop through discourse without changing the basic lexeme.
L-0037	tem	tem	N	class=MADE;theme=zero	inherited MADE noun *tem	L-0037-S01	shelter; house	Built/durable habitation noun.	Ordinary MADE inflection.
L-0038	ram	ram	N	class=MADE;theme=zero;residual=yes;fossil_INS=ram	inherited MADE noun; frequent *ram-m fused to INS ram while PERL *ram-mi > rammi	L-0038-S01	boat; watercraft	Portable conveyance noun.	ABS and fossil INS are syncretic ram; productive PERL is rammi.
L-0039	ta	ta	N	class=MADE;theme=zero	inherited MADE noun *ta	L-0039-S01	blade; cutting tool; tool	Basic worked-tool noun.	Regular INS ta-i-m > taim under current vowel contact; it is no longer homophonous with shelter tem.
L-0040	sa	sa	N	class=none;partitive_head=yes	lexicalized bounded GROUP/PORTION noun related to COLL/PCL -s	L-0040-S01	part; portion; unspecified subset	Head of productive WHOLE-GEN + sa partitive.	Takes outer case for the whole partitive phrase.
L-0041	rimsa	ˈrim.sa	V	root=rms;root_shape=lexicalized_stack;grades=a/u/i/e;alignment=transitive;source=L-0005;lexicalized_order=LEX.CAUS>PLACT	lexicalized *r-m-s-a < MOVE-LEX.CAUS-PLACT; later complex-coda licensing removed one older repair vowel	L-0041-S01	herd; drive a mobile group about	Pastoral transfer/motion verb stored as a lexical stem.	Canonical lexicalized ROOT-m-s residue; current NF rimsa reflects minimum repair and does not license productive reverse-order derivation.
L-0042	kina	ˈkina	V	root=kn;root_shape=biconsonantal;grades=a/u/i/e;alignment=fixed_stative;rel_profile=posture	inherited posture root *kn; epenthetic i repairs the root cluster	L-0042-S01	sit; be seated; remain in settled posture	Stative posture predicate with U alignment.	INCREASE gives sit down/settle into posture; DECREASE gives rise/leave the posture.
L-0043	nata	ˈnata	N	class=GROWING;theme=a	inherited *nat-a	L-0043-S01	seed; viable seed	Basic propagative/growing-source noun.	GROWING class; selected as the first creation-myth lexical bootstrap.
L-0044	hat	hat	N	class=none;derived=fossil_RESULT;source=L-0001	lexicalized SAY stem *ha + old RESULT *-t	L-0044-S01	name; spoken designation	Socially transmissible designation or name.	Old RESULT -t is fossil only; this lexeme does not make the derivation productive.
L-0045	kat	kat	N	class=none;derived=fossil_RESULT;source=L-0006	lexicalized HANDLE/TRANSFER stem *ka + old RESULT *-t	L-0045-S01	gift; offering; transferred object construed as a gift	Social-exchange noun independent of the object's lexical class.	Old RESULT -t is fossil only; often appears as low-referential BNI with reciprocal TRANSFER.
L-0046	ratu	ˈratu	N	class=LAND/WATER;theme=u;residual=yes;source=L-0005	lexicalized MOVE stem *ra + old PLACE *-t + LAND/WATER *-u	L-0046-S01	path; trail; conventional travel track	Conventional route noun; X-GEN ratu-PERL can mean follow X's trail.	Productive PERL is ratumi; ordinary INS is ratum.
L-0047	nami	ˈnami	N	class=ANIMATE;theme=i;relational=yes	inherited *nam-i	L-0047-S01	sibling; close kin of the same generation	Relational kin noun; an overt possessor normally uses GEN.	Broader close-kin use is available when generation is recoverable.
L-0048	munu	ˈmunu	N	class=LAND/WATER;theme=u	inherited *mun-u	L-0048-S01	mist; fog; low cloud	Environmental mass noun.	The sacred-text image of returning mist develops from this ordinary weather noun.
L-0049	sani	ˈsani	N	class=ANIMATE;theme=i;inalienable=yes	inherited *san-i	L-0049-S01	blood; living blood	Living body-substance noun.	Ordinary inalienable possession; processed/detached material may be reclassified by construal.
L-0050	niri	ˈniri	N	class=ANIMATE;theme=i;inalienable=yes	inherited *nir-i	L-0050-S01	hair; body hair	Living body-part/substance noun.	Ordinary inalienable possession; fiber worked as material may shift to MADE.
L-0051	kumi	ˈkumi	N	class=ANIMATE;theme=i;inalienable=yes	inherited *kum-i	L-0051-S01	flesh; living body substance	Living flesh/body-material noun.	Used for embodied substance rather than abstract personhood.
L-0052	hima	ˈhima	V	root=hm;root_shape=biconsonantal;grades=a/u/i/e;alignment=transitive;speech_act=yes;fact_complement=yes;ori=productive;recp=productive_shared_fact	inherited speech-act root *hm; epenthetic i repairs the root cluster	L-0052-S01	promise; pledge; commit oneself by speech	FACT may express the promised proposition; ORIENTEE marks the addressee/counterpart.	NECESSARY may scope outside the promised predicate for obligation; promise itself does not grammaticalize necessity.
L-0053	nita	ˈnita	V	root=nt;root_shape=biconsonantal;grades=a/u/i/e;alignment=transitive;ground=productive	inherited cultivation root *nt; epenthetic i repairs the root cluster	L-0053-S01	plant; sow; place seed for growth	Theme is the planted material; LOC/INESS or GROUND may express the planting site.	Does not itself mean grow; subsequent growth uses LIVE/GROW.
L-0054	nira	ˈnira	V	root=nr;root_shape=biconsonantal;grades=a/u/i/e;alignment=transitive;rel_profile=inherent_return;rel=maintain_only;ori=productive	inherited restoration root *nr; epenthetic i repairs the root cluster	L-0054-S01	return; restore; repay; give back	RETURN is endpoint-oriented toward recovery of a prior state, place, relation, or holder; RESTORE is result-oriented toward recovery of a contextual norm. ORIENTEE can promote the return recipient.	INCREASE/DECREASE REL are blocked: reversal/restoration is lexicalized; partial or greater restoration is expressed outside verbal grade.
L-0055	maka	ˈmaka	N	class=GROWING;theme=a;paired=L-0056	inherited root *mak with GROWING theme *-a	L-0055-S01	fruit; edible plant yield	Growing-source construal of edible yield.	Contrasts with MADE mak prepared/portable food.
L-0056	mak	mak	N	class=MADE;theme=zero;class_shift_from=L-0055	class-shifted *mak with MADE zero theme	L-0056-S01	prepared food; portable food	Food construed as prepared, worked, or socially transferable.	Productive GROWING to MADE construal pair with maka fruit.
L-0057	pami	ˈpami	N	class=ANIMATE;theme=i	inherited *pam-i	L-0057-S01	bird; ordinary flying bird	Basic animal subclass noun.	May receive person-like discourse construal without changing lexical class.
L-0058	timi	ˈtimi	N	class=ANIMATE;theme=i	inherited *tim-i	L-0058-S01	crawling or small ground animal	Basic animal subclass noun.	Broad ordinary category for small terrestrial crawling animals.
L-0059	sira	ˈsira	V	root=sr;root_shape=biconsonantal;grades=a/u/i/e;alignment=transitive;rel_profile=search;recp=productive	inherited tracking root *sr; epenthetic i repairs the root cluster	L-0059-S01	seek; search for; track	MAINTAIN is seek/track; INCREASE is find/come upon; DECREASE is lose the trail/lose track of.	The REL profile is lexicalized around change in search relation.
L-0060	risa	ˈrisa	V	root=rs;root_shape=biconsonantal;grades=a/u/i/e;alignment=fixed_stative	inherited contrastive-state root *rs; epenthetic i repairs the root cluster	L-0060-S01	be different; be otherwise; be changed in kind	Stative contrast predicate; STATE nominalization supplies a noun-like changed/different state.	Sacred formula RETURN CHANGED uses the productive STATE nominal risak with ESS.
L-0061	Kimi	ˈkimi	N	class=ANIMATE;theme=i;proper_name=yes;sacred_name=yes	opaque inherited sacred name	L-0061-S01	Kimi; primordial sibling traditionally titled Flesh-Giver	Used as a true personal name primarily in sacred recitation.	Ordinary retellings may prefer the ritual title or SIBLING rather than the sacred name.
L-0062	Nemi	ˈnemi	N	class=ANIMATE;theme=i;proper_name=yes;sacred_name=yes	opaque inherited sacred name	L-0062-S01	Nemi; primordial sibling traditionally titled Hair-Giver and Name-Keeper	Used as a true personal name primarily in sacred recitation.	Name-Keeper reflects the first-name episode, not exclusive ownership of names.
L-0063	Tasi	ˈtasi	N	class=ANIMATE;theme=i;proper_name=yes;sacred_name=yes	opaque inherited sacred name	L-0063-S01	Tasi; primordial sibling traditionally titled Blood-Giver and Path-Walker	Used as a true personal name primarily in sacred recitation.	Tasi is the sibling whose later transformation anchors river/forest route mythology.
L-0064	pina	ˈpina	V	root=pn;root_shape=biconsonantal;grades=a/u/i/e;alignment=sense_split;default=posture_u;active=deliberate_stand;rel_profile=posture	inherited posture root *pn; epenthetic i repairs the root cluster	L-0064-S01	stand; remain upright; occupy a standing position	MAINTAIN is stand/remain upright; INCREASE is stand up/take a standing position; DECREASE is leave/fall from that position.	Sacred STAND BETWEEN metaphor uses ordinary posture syntax plus ESS/locative relations.
L-0065	sapa	ˈsapa	N	class=none;ritual_salience=yes	inherited narrative noun *sap-a	L-0065-S01	story; narrative; traditional account	Ordinary lexical noun distinct from productive SAY EVENT han and FACT hap.	Sacred transmission contrasts a name, a telling han, a proposition/fact hap, and a narrative sapa.
L-0066	hanu	ˈhanu	N	class=LAND/WATER;theme=u	inherited *han-u	L-0066-S01	earth; ground; inhabited land; world as lived landscape	Broad terrestrial-domain noun.	Does not include sky by default; cosmological totality may be expressed by hanu plus suhu.
L-0067	suhu	ˈsuhu	N	class=LAND/WATER;theme=u	inherited *suh-u	L-0067-S01	sky; open air; upper atmospheric domain	Environmental domain noun.	Contrasts with patu breath/air as moving substance.
L-0068	patu	ˈpatu	N	class=LAND/WATER;theme=u;source=L-0002	lexicalized BREATHE/EMIT stem *pa + old PLACE/RESULT *-t + LAND/WATER *-u	L-0068-S01	breath; moving air; wind or air-current	Substance/current construal historically tied to BREATHE/EMIT.	Can remain literal breath or extend to environmental wind.
L-0069	matu	ˈmatu	N	class=none;cyclic_time=yes	inherited cyclical-time noun *mat-u	L-0069-S01	season; time-turn; recurring cycle	Ordinary cyclical time noun.	Repeated or plural matu may express elapsed recurring time but does not replace genealogical era tari.
L-0070	tari	ˈtari	N	class=none;genealogical_time=yes	inherited historical-time noun *tar-i	L-0070-S01	age; era; genealogically remembered period	Historical/genealogical time noun.	Contrasts with recurrent matu season/time-turn.
L-0071	hita	ˈhita	V	root=ht;root_shape=biconsonantal;grades=a/u/i/e;alignment=fixed_stative	inherited temporal-state root *ht; epenthetic i repairs the root cluster	L-0071-S01	be old; prior; ancestral in time	DEP hite is the ordinary attributive old/prior form.	The culturally unique First Seed is normally simply nata rather than FIRST+noun.
L-0072	mira	ˈmira	V	root=mr;root_shape=biconsonantal;grades=a/u/i/e;alignment=fixed_stative	inherited temporal-state root *mr; epenthetic i repairs the root cluster	L-0072-S01	be new; fresh; recent	DEP mire is the ordinary attributive new/recent form.	No grammaticalized NEW category is implied.
L-0073	Kumakar	kuˈmakar	N	class=ANIMATE;theme=i;proper_title=yes;sacred_epithet=yes;source=L-0051,L-0006	lexicalized ritual epithet from FLESH + GIVER	L-0073-S01	Flesh-Giver; fixed epithet of Kimi	Middle ritual-register title between prose relative description and archaic invocation.	Not evidence for productive noun compounding.
L-0074	Hatkar	ˈhatkar	N	class=ANIMATE;theme=i;proper_title=yes;sacred_epithet=yes;source=L-0044,L-0006	lexicalized ritual epithet from NAME + KEEPER	L-0074-S01	Name-Keeper; fixed epithet of Nemi	Middle ritual-register title.	Nemi may additionally be described in prose as the sibling who gave hair.
L-0075	Raturar	raˈturar	N	class=ANIMATE;theme=i;proper_title=yes;sacred_epithet=yes;source=L-0046,L-0005	lexicalized ritual epithet from PATH + WALKER	L-0075-S01	Path-Walker; fixed epithet of Tasi	Middle ritual-register title.	Tasi may additionally be described in prose as the sibling who gave blood.
L-0076	akar	ˈakar	N	class=none;fossil_PARTICIPANT=yes;source=L-0006	lexicalized DECREASE-HANDLE-NF-PARTICIPANT *a-k-a-r	L-0076-S01	giver; ceremonial fossil participant title	Occurs in fixed archaic invocations such as kumi akar “Flesh Giver.”	Old PARTICIPANT -r remains nonproductive.
L-0077	kar	kar	N	class=none;fossil_PARTICIPANT=yes;source=L-0006	lexicalized HANDLE-NF-PARTICIPANT *k-a-r > kar	L-0077-S01	keeper; holder; ceremonial fossil participant title	Occurs in fixed archaic invocations such as hat kar “Name Keeper.”	Does not restore productive PARTICIPANT derivation.
L-0078	rar	rar	N	class=none;fossil_PARTICIPANT=yes;source=L-0005	lexicalized MOVE-NF-PARTICIPANT *r-a-r	L-0078-S01	walker; mover; ceremonial fossil participant title	Occurs in fixed archaic invocations such as ratu rar “Path Walker.”	Does not restore productive PARTICIPANT derivation.
L-0079	man	man	N	class=none;derived=EVENT;source=L-0003	lexicalized SLEEP EVENT *m-a-n > man	L-0079-S01	dream; dream-event	The whole dream construed as an event or remembered experience.	Coexists with transparent SLEEP EVENT+ESS mane “while sleeping”; a dream need not contain a visual image.
L-0080	syan	sjan	N	class=none;derived=EVENT;source=L-0008	lexicalized SEE/WITNESS EVENT *se-a-n > *sya-n > syan	L-0080-S01	vision; seen image; perceptual scene	A visual image or scene construed as an object of memory or report.	In explicit sleep/dream context it may mean dream-vision; outside such context it is not inherently oneiric.
L-0081	Masi	ˈmasi	N	class=none;proper_name=yes;folk_name=yes;referent_ambiguous=yes	later household reinterpretation of an older lost name	L-0081-S01	Masi; household folktale name ambiguously associated with a herd animal and an old path	The remembered herd-path tale ends by identifying Masi first as the animal's name and then as the path's name.	The older source form and original referent are lost; modern tradition does not resolve which entity originally bore the name.
L-0082	kinatu	kiˈnatu	N	class=LAND/WATER;theme=u;source=L-0042;fossil_PLACE=yes	lexicalized SIT/SETTLE NF *kn-a + old PLACE *-t + LAND/WATER *-u	L-0082-S01	settlement; inhabited or formerly inhabited site	Ordinary place noun; may receive PERSON reference and SOCIAL case under relational personhood construal.	Later folk association with temis 'bounded group of houses' is secondary and does not replace the settling-place etymology.
L-0083	rat	rat	N	class=MADE;theme=zero;class_shift_from=L-0046	MADE counterpart of LAND/WATER ratu after loss/reanalysis of the landscape theme	L-0083-S01	built passage; constructed way through or into a structure	General constructed-passage term rather than a doorway-specific word.	Forms a mode-of-existence pair with ratu path/trail; an older doorway word ratam lexicalized from this stem.
L-0084	ratam	raˈtam	N	class=MADE;theme=zero;archaic=yes;source=L-0083	lexicalized derivative of rat with opaque fossil material; internal segmentation is no longer productive	L-0084-S01	doorway; entrance (archaic)	Older or conservative architectural term.	Ordinary speech later replaced it with kis; ratam does not establish a productive -am derivation.
L-0085	kis	kis	N	class=MADE;theme=zero	younger independent architectural root *kis	L-0085-S01	doorway; door opening	Ordinary contemporary doorway term.	Lexically replaced archaic ratam without erasing the older word from traditional language.
L-0086	suran	suˈran	N	class=LAND/WATER;theme=u;apocope=ABS.SG;cognate=L-0019	Pre-Proto *sur-an-u; inherited weather noun sharing *sur- with WATER, with an opaque old derivative	L-0086-S01	rain; rainfall	Ordinary meteorological noun.	Citation apocope hides the LAND/WATER theme; synchronically not a productive derivation from suru water.
L-0087	num	num	N	class=MADE;theme=zero	inherited MADE noun *num	L-0087-S01	roof; built covering over a house or shelter	Ordinary architectural noun.	Independent old root rather than a transparent derivative of tem house/shelter.
L-0088	misa	ˈmisa	V	root=ms;root_shape=biconsonantal;grades=a/u/i/e;alignment=transitive;voice=restricted;rel=neutral	inherited repair root *ms; epenthetic i repairs the root cluster	L-0088-S01	mend; patch; make serviceable	Ordinary material repair verb.	Contrasts with marked traditional use of nira RETURN/RESTORE when repair is construed as restoring a reciprocal relation.
L-0089	suma	ˈsuma	N	class=GROWING;theme=a;ecological=yes	inherited ecological noun *sum-a	L-0089-S01	fungus; mushroom	Broad ordinary ecological noun covering visible fungi and mushrooms, including edible and inedible kinds.	GROWING class reflects cultural construal as living/renewing forest yield rather than a botanical claim.
L-0090	pur	pur	N	class=MADE;theme=zero;semantic_extension=responsibility	inherited MADE noun *pur	L-0090-S01	load; carried burden	Ordinary portable burden or load that can be physically carried.	Supplies the concrete source for the responsibility metaphor.
L-0090	pur	pur	N	class=MADE;theme=zero;semantic_extension=responsibility	metaphorical extension from carried load under custody	L-0090-S02	entrusted responsibility; liability attached to accepted custody or obligation	Used when a duty is construed as something borne, accepted, retained, returned, or transferred.	Does not by itself mean moral guilt; culpability must be supplied by the surrounding event or dispute.
L-0091	hisa	ˈhisa	V	root=hs;root_shape=biconsonantal;grades=a/u/i/e;alignment=sense_split;default=hear_u;active=listen_heed;perception=yes	inherited perceptual root *hs	L-0091-S01	hear; listen; heed	Inactive construal is involuntary hearing; active construal is deliberate listening/attention and conventionally HEED.	Child-hero regression lexicalizes an inactive HEAR sense and an active LISTEN/HEED sense; this is a listed sense split, not productive fluid-S.
L-0092	mura	ˈmura	V	root=mr;root_shape=biconsonantal;grades=a/u/i/e;alignment=sense_split;default=smell_u;active=deliberate_smell;perception=yes	inherited sensory root *mr	L-0092-S01	smell; perceive by smell	Inactive perception is U-default; deliberate smelling is the listed A-aligned sense.	Kept lexically distinct from TOUCH.
L-0093	taka	ˈtaka	V	root=tk;root_shape=biconsonantal;grades=a/u/i/e;alignment=sense_split;default=contact_u;active=deliberate_touch;perception=yes	inherited sensory root *tk	L-0093-S01	touch; feel by contact	Inactive/contact sensation is U-default; deliberate tactile examination is the listed A-aligned sense.	Child-hero ecological discovery regression.
L-0094	kura	ˈkura	V	root=kr;root_shape=biconsonantal;grades=a/u/i/e;alignment=sense_split;default=pulse_u;active=deliberate_beat	inherited root *kr	L-0094-S01	beat; pulse	Bodily pulse is U-default; deliberate beating is the listed A-aligned sense.	REAL grade kuru is synchronically homophonous with the fossil HEART noun.
L-0095	kuru	ˈkuru	N	class=ANIMATE;theme=i;inalienable=yes;fossil_deverbal=yes;residual=yes	fossil deverbal noun from BEAT *kr; older kuru-i > kuri in retained inflectional residue	L-0095-S01	heart; living heart; inner center	Body-part noun, normally inalienably possessed; culturally extends HEART toward interior/center imagery.	The forest-transformation tradition anchors HEART as central spring/interior; retained kuri residue does not restore productive deverbal nominalization.
L-0096	naka	ˈnaka	V	root=nk;root_shape=biconsonantal;grades=a/u/i/e;alignment=transitive;rel=neutral	lexicalized old HANDLE+WATER expression; remodeled as inherited-looking *nk stem	L-0096-S01	drink; take liquid as drink	Synchronically an independent basic subsistence verb parallel in lexical status to EAT.	Speakers do not productively analyze the verb as HANDLE+WATER.
L-0097	kera	ˈkera	V	root=kr;root_shape=lexicalized_complex;grades=a/u/i/e;alignment=transitive;compound_productivity=none;aff=productive	Pre-Proto HANDLE *ka + MOVE *ra > lexicalized kera	L-0097-S01	carry; transport while moving	Synchronically a single grammatically inert verb; historical HANDLE+MOVE association may remain recognizable.	Does not license productive V+V compounding or decomposition.
L-0098	mi	mi	PART	function=disjunction;source=interrogative	grammaticalized from interrogative mi	L-0098-S01	or; alternative coordinator	Coordinates parallel nominal, predicate, or clausal alternatives.	Distinguished from interrogative mi by coordination syntax; does not itself license polar-question he.
L-0099	pe	pe	NUM	value=1;cardinal=yes	inherited numeral root *pe	L-0099-S01	one	Basic cardinal ONE.	May be substantivized in fraction syntax.
L-0100	tu	tu	NUM	value=2;cardinal=yes	inherited numeral root *tu	L-0100-S01	two	Basic cardinal TWO.	Selects dual only for a licensed coherent pair; otherwise plural.
L-0101	yuk	juk	NUM	value=3;cardinal=yes	inherited numeral root *yuk	L-0101-S01	three	Basic cardinal THREE.	Selects plural.
L-0102	sem	sem	NUM	value=4;cardinal=yes	inherited numeral root *sem	L-0102-S01	four	Basic cardinal FOUR.	Selects plural.
L-0103	hu	hu	NUM	value=5;cardinal=yes	inherited numeral root *hu	L-0103-S01	five	Basic cardinal FIVE and historical quinary base.	Source of the fossilized 6–9 series.
L-0104	hup	hup	NUM	value=6;cardinal=yes;fossil_compound=yes	fused *hu+pe FIVE+ONE with lexical reduction	L-0104-S01	six	Ordinary cardinal SIX.	Synchronically lexical; historical FIVE+ONE remains recognizable.
L-0105	hut	hut	NUM	value=7;cardinal=yes;fossil_compound=yes	fused *hu+tu FIVE+TWO with lexical reduction	L-0105-S01	seven	Ordinary cardinal SEVEN.	Synchronically lexical; historical FIVE+TWO remains recognizable.
L-0106	huyuk	huˈjuk	NUM	value=8;cardinal=yes;fossil_compound=yes	fused *hu+yuk FIVE+THREE	L-0106-S01	eight	Ordinary cardinal EIGHT.	More transparent residue of the old quinary composition.
L-0107	husem	huˈsem	NUM	value=9;cardinal=yes;fossil_compound=yes	fused *hu+sem FIVE+FOUR	L-0107-S01	nine	Ordinary cardinal NINE.	More transparent residue of the old quinary composition.
L-0108	yun	jun	NUM	value=10;cardinal=yes;decimal_base=yes	inherited numeral root *yun	L-0108-S01	ten	Basic cardinal TEN.	Higher decades use multiplicative NUM+TEN syntax.
L-0109	hira	ˈhira	DEM	deixis=proximal;attributive=yes;locative=hirat	expanded descendant of presentative/proximal *hi	L-0109-S01	this; proximal demonstrative	Precedes the noun as an attributive demonstrative.	LOC hirat is “here”; old *hi also underlies INST -h.
L-0110	ara	ˈara	DEM	deixis=distal;attributive=yes;locative=arat	expanded descendant of distal *a	L-0110-S01	that; distal demonstrative	Precedes the noun as an attributive demonstrative.	LOC arat is “there”; reduced old a survives as 3P THING pronoun.
L-0111	pari	ˈpari	PART	function=distributive	inherited distributive particle *pari	L-0111-S01	each; apiece	Follows the numeral in distributive phrases.	Does not alter ordinary nominal number selection.
L-0112	hami	ˈhami	PART	function=approximation;scope=general	lexical approximation particle *hami	L-0112-S01	about; around; approximately	Scopes over quantities, measures, times, and suitable gradable propositions.	Not restricted to numeral phrases.
L-0113	tuma	ˈtuma	V	root=tm;root_shape=lexical_vowel;grades=a/u/i/e;alignment=fixed_stative;threshold=yes	inherited lexical-vocalic boundary stem *tum	L-0113-S01	exceed; go beyond a limit	Threshold predicate used compositionally for excessive degree.	With a gradable predicate and contextual/overt limit yields TOO X.
L-0114	pura	ˈpura	V	root=pr;root_shape=lexical_vowel;grades=a/u/i/e;alignment=fixed_stative;threshold=yes	inherited lexical-vocalic attainment stem *pur	L-0114-S01	reach; meet a threshold or requirement	Threshold predicate used compositionally for sufficiency.	With a gradable predicate and contextual/overt requirement yields X ENOUGH.
L-0115	pika	ˈpika	V	root=pk;root_shape=biconsonantal;grades=a/u/i/e;alignment=transitive;rel=neutral;aff=productive;recp=literal_only	inherited gathering root *pk; epenthetic i repairs the root cluster	L-0115-S01	pick; gather; collect edible or useful material	Ordinary successful gathering verb; beneficiary applicative is productive.	REL does not create a search/acquisition profile; literal RECP is possible but does not mean “assemble together”.
L-0116	kima	ˈkima	V	root=km;root_shape=biconsonantal;grades=a/u/i/e;alignment=transitive;mid=productive_positioning	inherited placement root *km; epenthetic i repairs the root cluster	L-0116-S01	put; place; set an object somewhere	Ordinary placement verb; MID means become positioned.	INCREASE+MID foregrounds arrival at an intended/salient position; this change-of-state use remains distinct from stative kina SIT/REMAIN.
L-0117	nisa	ˈnisa	V	root=ns;root_shape=biconsonantal;grades=a/u/i/e;alignment=experiencer_u;fact_complement=yes;aff=productive;aux_source=WANT	inherited desire root *ns; later DEP nise grammaticalized as WANT	L-0117-S01	wish; desire that a proposition obtain	Lexical WISH preferentially selects FACT content and an experiencer U.	Beneficiary applicative is productive; REFL has only literal self-directed interpretation where meaningful.
L-0117	nisa	ˈnisa	V	root=ns;root_shape=biconsonantal;grades=a/u/i/e;alignment=experiencer_u;aux_source=WANT	grammaticalized from WISH/DESIRE DEP nise	L-0117-S02	want to (auxiliary source)	Young WANT AUX surfaces as DEP nise before its dependent predicate.	Ordinary external NEG scopes over WANT; WISH remains lexically distinct from its auxiliary descendant.
L-0118	hara	ˈhara	V	root=har;root_shape=lexical_vowel;grades=a/u/i/e;alignment=transitive;intentional=yes	inherited separation/custody root *har	L-0118-S01	abandon; intentionally leave an object, place, or responsibility behind	Implies intentional relinquishment by default.	Accidental leaving is not expressed by this verb; use resultative location or lexical FORGET as appropriate.
L-0119	mina	ˈmina	V	root=mn;root_shape=biconsonantal;grades=a/u/i/e;alignment=fixed_stative;bodily_state=yes	inherited bodily-state root *mn; epenthetic i repairs the root cluster	L-0119-S01	be hungry; experience hunger	Ordinary bodily-state predicate with inactive U alignment.	Does not reduce compositionally to WANT+EAT.
L-0121	sita	ˈsita	V	root=st;root_shape=biconsonantal;grades=a/u/i/e;alignment=transitive;memory_task=yes	inherited attention/lapse root *st; epenthetic i repairs the root cluster	L-0121-S01	forget an object; forget to perform an intended task	Used for neglected objects and intended actions rather than loss of knowledge.	Contrasts with DECREASE-sina “forget/lose knowledge”; does not mean LOSE when the object's location is simply unknown.
L-0122	i	i	PART	function=calling;vocative_fossil=yes	detached fossil of an older vocative element after loss of productive vocative inflection	L-0122-S01	calling particle used with a personal name or kin term	Optional attention-call particle; prosodically associated with the called expression.	Not a productive vocative case and not restricted to distance or shouting.
L-0123	kam	kam	N	class=MADE;theme=zero	inherited MADE container noun *kam	L-0123-S01	basket; portable gathering container	Ordinary household/gathering container.	Regular MADE inflection; LOC is kamit with the generalized linker.
L-0124	sin	sin	PART	function=epistemic_possibility;invariant=yes	reduced discourse descendant of ABLE AUX sine < KNOW/REMEMBER DEP	L-0124-S01	maybe; possibly	Optional speaker-uncertainty particle; full sine remains the ordinary predicative/modal possibility resource.	Does not mark evidential source and is not required when negative KNOW or explicit evidence already expresses uncertainty.
L-0125	nuta	ˈnuta	V	root=nt;root_shape=biconsonantal;grades=a/u/i/e;alignment=active_cognition	independent inherited cognition root *nt with epenthetic u	L-0125-S01	think; consider; deliberate mentally	Ordinary deliberate cognition predicate.	Not the default marker of tentative belief; use yiha SUPPOSE for that function.
L-0126	yiha	ˈjiha	V	root=lexicalized;source=L-0001;epistemic=yes	lexicalized internal/reflexive SAY, older *y-ha repaired and lexicalized as yiha	L-0126-S01	suppose; tentatively judge	Marks a tentative judgment without weakening sina KNOW.	Synchronically lexical; does not create a productive SAY-to-self derivation.
L-0127	pata	ˈpata	N	class=LAND/WATER;theme=u;spatial_source=yes	inherited spatial-side stem *pat, later remodeled as pata in independent spatial use	L-0127-S01	opposite side; across-side	Spatial source historically underlying adversative pat.	The modern adversative is synchronically opaque and no longer compositionally derived from this noun.
L-0128	pat	pat	PART	function=adversative;opaque=yes	reduced grammaticalized descendant of older ACROSS/OPPOSITE-SIDE expression related historically to pata	L-0128-S01	but; however	Ordinary adversative coordinator/discourse particle; correction by bare replacement or contrasting evidence remains independently available.	Modern speakers need not recognize the historical spatial connection.
L-0129	nars	nars	N	class=ANIMATE;theme=i;apocope=ABS.SG;inalienable=yes	Pre-Proto *nars-i; word-final theme lost in ABS.SG	L-0129-S01	tooth	Living body-part noun; normally inalienably possessed.	The natural final rs coda survives in citation form; suffixation reveals the stored i-theme.
L-0130	karn	karn	N	class=ANIMATE;theme=i;apocope=ABS.SG;inalienable=yes	Pre-Proto *karn-i; word-final theme lost in ABS.SG	L-0130-S01	neck; throat	Living body-part noun; normally inalienably possessed.	The natural final rn coda survives in citation form; suffixation reveals the stored i-theme.
L-0131	serm	serm	N	class=ANIMATE;theme=i;apocope=ABS.SG;inalienable=yes	Pre-Proto *serm-i; word-final theme lost in ABS.SG	L-0131-S01	skin	Living skin/body covering; normally inalienably possessed.	Detached worked hide may shift to MADE by ordinary construal; citation form preserves final rm.
L-0132	yap	jap	N	class=ANIMATE;theme=i;apocope=ABS.SG;inalienable=yes	Pre-Proto *yap-i; word-final theme lost in ABS.SG	L-0132-S01	foot; lower leg	Living body-part noun; normally inalienably possessed.	Suffixation restores the inherited i-theme.
L-0133	mek	mek	N	class=ANIMATE;theme=i;apocope=ABS.SG;inalienable=yes	Pre-Proto *mek-i; word-final theme lost in ABS.SG	L-0133-S01	mouth	Living body-part noun; normally inalienably possessed.	Suffixation restores the inherited i-theme.
L-0134	sanp	sanp	N	class=MADE;theme=zero	inherited MADE root *sanp	L-0134-S01	needle; bodkin	Ordinary piercing/sewing implement.	Zero-theme morphology preserves the natural final np coda in citation form.
L-0135	pank	pank	N	class=MADE;theme=zero	inherited MADE root *pank	L-0135-S01	mat; floor covering	Portable woven or worked floor covering.	Zero-theme morphology preserves the natural final nk coda.
L-0136	kams	kams	N	class=MADE;theme=zero	inherited MADE root *kams	L-0136-S01	cord; rope	Ordinary tying/binding material.	Zero-theme morphology preserves the natural final ms coda.
L-0137	tarp	tarp	N	class=MADE;theme=zero	inherited MADE root *tarp	L-0137-S01	pole; staff	Worked pole, staff, or straight support.	Zero-theme morphology preserves the natural final rp coda.
L-0138	samp	samp	N	class=MADE;theme=zero	inherited MADE root *samp	L-0138-S01	bag; pouch	Portable flexible container.	Zero-theme morphology preserves the natural final mp coda.
L-0139	sert	sert	N	class=MADE;theme=zero	inherited MADE root *sert	L-0139-S01	charcoal; hearth-cinders	Prepared or retained carbonized hearth material.	MADE construal reflects controlled hearth use; citation form preserves final rt.
L-0140	murk	murk	N	class=MADE;theme=zero	inherited MADE root *murk	L-0140-S01	prepared clay; daub	Worked clay or daub ready for construction or craft.	MADE construal contrasts with unworked earth/material; citation form preserves final rk.
L-0141	mens	mens	N	class=MADE;theme=zero	inherited MADE root *mens	L-0141-S01	dried or preserved food	Food deliberately dried or otherwise preserved for storage or travel.	MADE construal reflects preparation; citation form preserves final ns.
L-0142	hesu	ˈhesu	N	class=LAND/WATER;theme=u	inherited environmental root *hes-u	L-0142-S01	salt; mineral salt	Naturally occurring or gathered salt/mineral salt.	Ordinary LAND/WATER inflection.
L-0143	raka	ˈraka	N	class=GROWING;theme=a	inherited plant-yield root *rak-a	L-0143-S01	berry; small fruit	Small living/gathered plant yield.	Prepared or preserved products may shift by ordinary construal.
L-0144	kantu	ˈkantu	N	class=LAND/WATER;theme=u	inherited weather-surface root *kant-u	L-0144-S01	frost; ice crust	Natural frost or thin ice crust on exposed surfaces.	The u-theme remains overt; nt is root-internal rather than a final citation coda.
L-0145	yasu	ˈjasu	N	class=LAND/WATER;theme=u	inherited weather root *yas-u	L-0145-S01	snow	Natural snow as environmental material/weather.	Ordinary LAND/WATER inflection.
L-0146	yuru	ˈjuru	N	class=LAND/WATER;theme=u	inherited water-motion root *yur-u	L-0146-S01	wave; swell	Wave or swell of water.	Ordinary LAND/WATER inflection.
L-0147	pasa	ˈpasa	N	class=GROWING;theme=a	inherited plant-part root *pas-a	L-0147-S01	leaf	Living or freshly gathered leaf.	Worked/dried material may receive a different construal where context motivates it.
L-0148	nema	ˈnema	N	class=GROWING;theme=a	inherited vegetation root *nem-a	L-0148-S01	grass; reed	Ordinary grass/reed vegetation category.	GROWING class reflects living or freshly gathered vegetation.
L-0149	yartu	ˈjartu	N	class=LAND/WATER;theme=u	inherited spatial root *yart-u	L-0149-S01	edge; boundary	Physical edge, margin, or territorial/environmental boundary.	Does not itself encode a social boundary metaphor.
L-0150	kemu	ˈkemu	N	class=LAND/WATER;theme=u	inherited environmental root *kem-u	L-0150-S01	shade; shadow	Environmental shade or cast shadow.	Ordinary LAND/WATER inflection.
L-0151	pim	pim	N	class=none;temporal=yes	inherited bounded-time root *pim	L-0151-S01	occasion; moment	A bounded occasion or moment in discourse.	Theme-less relational inflection uses the generalized linker where required.
L-0152	yami	ˈjami	N	class=ANIMATE;theme=i	inherited social root *yam-i	L-0152-S01	companion; familiar associate	Ordinary animate social noun for a recurrent companion or familiar associate.	Does not imply kinship or permanent cohort membership.
L-0153	hasi	ˈhasi	N	class=ANIMATE;theme=i	inherited social root *has-i	L-0153-S01	stranger; outsider	Person not yet socially familiar to the local group.	Hospitality status, when established, is an independent relational condition rather than part of the lexical meaning.
L-0154	napa	ˈnapa	V	root=nap;root_shape=CVC;grades=a/u/i/e;alignment=fixed_inactive;motion=yes	inherited motion root *nap	L-0154-S01	fall; drop; descend uncontrolled	Spontaneous downward motion with inactive/U alignment.	Controlled downward travel remains available through ordinary MOVE constructions rather than making FALL fluid-S.
L-0155	rusa	ˈrusa	V	root=rus;root_shape=CVC;grades=a/u/i/e;alignment=active_intransitive;motion=yes	inherited motion root *rus	L-0155-S01	climb; ascend by effort	Controlled climbing predicate with A alignment.	Path and ground relations use ordinary spatial case/applicative resources.
L-0156	yema	ˈjema	V	root=yem;root_shape=CVC;grades=a/u/i/e;alignment=fixed_stative;motion_state=yes	inherited buoyancy root *yem	L-0156-S01	float; be afloat	Inactive/U predicate for buoyant state or uncontrolled floating.	Deliberate directed travel over water remains MOVE rather than an active FLOAT sense.
L-0157	teka	ˈteka	V	root=tek;root_shape=CVC;grades=a/u/i/e;alignment=transitive;mid=productive_anticausative	inherited rotation root *tek	L-0157-S01	turn; rotate	Transitive change-of-orientation predicate.	MID suppresses the external actor and yields “turn/rotate” intransitively.
L-0158	hirka	ˈhirka	V	root=hrk;root_shape=CCC_reduced;grades=a/u/i/e;alignment=active_intransitive;motion=yes	older consonantal root created by late lexical vowel loss; exact lost vowel quality is unrecoverable	L-0158-S01	wander; roam	Controlled but non-goal-directed movement with A alignment.	Modern citation hirka contains regular minimum repair; the repair vowel is not lexically protected.
L-0159	sipa	ˈsipa	V	root=sp;root_shape=biconsonantal;grades=a/u/i/e;alignment=transitive;repair_probe=yes	inherited washing root *sp; citation i is phonological repair	L-0159-S01	wash; rinse	Clean or rinse an object with liquid.	Citation sipa repairs root *sp, but the i disappears whenever surrounding morphology permits a more compact legal parse, e.g. n-p-sp-u-p-i > nipspupi.
L-0160	sima	ˈsima	V	root=sm;root_shape=biconsonantal;grades=a/u/i/e;alignment=transitive;mid=productive_anticausative;repair_probe=yes	inherited deformation root *sm; citation i is phonological repair	L-0160-S01	bend; fold; curve	General controlled deformation predicate.	MID yields spontaneous/internal bending; citation repair disappears when morphology creates a legal compact parse.
L-0161	hanka	ˈhanka	V	root=hank;root_shape=CVC;grades=a/u/i/e;alignment=transitive;mid=productive_anticausative	inherited fracture root *hank	L-0161-S01	break; snap	Transitive fracture predicate.	MID yields spontaneous or internally caused breaking.
L-0162	sarta	ˈsarta	V	root=sart;root_shape=CVC;grades=a/u/i/e;alignment=fixed_stative;rel_profile=aperture;domain=physical	inherited aperture-state root *sart	L-0162-S01	be open; provide physical access	MAINTAIN is an open/access state; INCREASE conventionally reaches OPEN and DECREASE conventionally reaches CLOSE.	The profile is primarily physical—doors, bags, coverings, passages—and does not replace established PATH social metaphors.
L-0163	kerta	ˈkerta	V	root=kert;root_shape=CVC;grades=a/u/i/e;alignment=transitive	inherited binding root *kert	L-0163-S01	tie; bind	Secure an object with cord, strap, or comparable binding material.	Ordinary transitive alignment.
L-0164	suka	ˈsuka	V	root=suk;root_shape=CVC;grades=a/u/i/e;alignment=sense_split;default=taste_u;active=deliberate_taste;perception=yes	inherited gustatory root *suk	L-0164-S01	taste; perceive by taste	Inactive gustatory sensation is U-default; deliberate tasting is the listed A-aligned sense.	Parallels HEAR/LISTEN, SMELL, and TOUCH without creating productive fluid-S.
L-0165	yena	ˈjena	V	root=yen;root_shape=CVC;grades=a/u/i/e;alignment=fixed_stative;bodily_state=yes	inherited bodily-state root *yen	L-0165-S01	ache; hurt	Inactive bodily pain/state predicate with U alignment.	Does not itself encode an external causer.
L-0166	piha	ˈpiha	V	root=pih;root_shape=CVC_onset_final;grades=a/u/i/e;alignment=active_intransitive;plact=iterative_or_intensive	inherited expressive root *pih	L-0166-S01	laugh	Controlled/agentive bodily-vocal activity with A alignment.	Root-final h is onset-only: pre-grade consonantal derivation triggers regular repair, e.g. pih-s-a > pihisa “laugh repeatedly/heartily”.
L-0167	miha	ˈmiha	V	root=mh;root_shape=biconsonantal;grades=a/u/i/e;alignment=fixed_inactive;inchoative=yes	inherited waking root *mh; epenthetic i repairs the root cluster	L-0167-S01	wake; become awake	Inchoative U predicate for entering wakefulness.	Productive causation supplies “wake someone”; the lexical root is not basically transitive.
L-0168	taya	ˈtaja	V	root=tay;root_shape=CVC_onset_final;grades=a/u/i/e;alignment=fixed_stative;bodily_state=yes;plact=intensive	inherited fatigue root *tay	L-0168-S01	be tired; fatigued	Inactive bodily-state predicate with U alignment.	Root-final y is onset-only before a consonantal derivation: tay-s-a > tayisa; stative PLACT is intensive “very/exhaustedly tired”.
L-0169	hena	ˈhena	V	root=hen;root_shape=CVC;grades=a/u/i/e;alignment=transitive;speech_act=yes;interrogative_content=yes;ori=productive	inherited inquiry root *hen	L-0169-S01	ask; inquire	Interrogative content is expressed by the ordinary question resources; ORIENTEE integrates the addressee.	ASK remains an independent speech root rather than a SAY construction.
L-0170	yura	ˈjura	V	root=yur;root_shape=CVC;grades=a/u/i/e;alignment=transitive;speech_act=yes;fact_complement=yes;ori=productive	inherited responsive-speech root *yur	L-0170-S01	answer; respond verbally	Independent responsive speech verb; ORIENTEE integrates the addressee and FACT/content may supply what is answered.	Generic SAY remains available when responsive status is irrelevant.
L-0171	kinta	ˈkinta	V	root=knt;root_shape=CCC_reduced;grades=a/u/i/e;alignment=transitive	older consonantal root created by late lexical vowel loss; exact lost vowel quality is unrecoverable	L-0171-S01	count; enumerate	The counted items are the ordinary object; a resulting number is a separate numeral expression.	Citation kinta contains regular minimum repair and does not license an unparsed *knt onset under inflection.
L-0172	reka	ˈreka	V	root=rek;root_shape=CVC;grades=a/u/i/e;alignment=transitive;choice=nominal	inherited selection root *rek	L-0172-S01	choose; select	Select an entity or nominal alternative.	Propositional commitment belongs primarily to DECIDE rather than freely extending CHOOSE to FACT complements.
L-0173	pinta	ˈpinta	V	root=pnt;root_shape=CCC_reduced;grades=a/u/i/e;alignment=active_cognition;fact_complement=yes	older consonantal root created by late lexical vowel loss; exact lost vowel quality is unrecoverable	L-0173-S01	decide; settle a choice or course	Deliberative predicate; FACT is the ordinary content strategy for a decided proposition or action.	Citation pinta contains regular minimum repair; the root is synchronically indivisible.
L-0174	yeka	ˈjeka	V	root=yek;root_shape=CVC;grades=a/u/i/e;alignment=transitive;task_event_fact=yes	inherited social-action root *yek	L-0174-S01	help; assist	The helped participant is the basic PO.	An explicit task is expressed independently as EVENT/FACT rather than displacing the helped participant as PO.
L-0175	munta	ˈmunta	V	root=munt;root_shape=CVC;grades=a/u/i/e;alignment=transitive;recp=productive	inherited encounter root *munt	L-0175-S01	encounter; come upon another participant	Basic asymmetric/transitive ENCOUNTER.	RECP yields mutual meeting/encounter without lexicalizing a separate symmetric root.
L-0176	peka	ˈpeka	V	root=pek;root_shape=CVC;grades=a/u/i/e;alignment=active_intransitive;ori=productive	inherited waiting root *pek	L-0176-S01	wait; remain deliberately until an anticipated participant/event	Active/A predicate by default.	The awaited person or anticipated event is integrated with ORIENTEE rather than functioning as a bare theme object.
L-0177	yera	ˈjera	V	root=yer;root_shape=CVC;grades=a/u/i/e;alignment=fixed_stative;rel_profile=wetness	inherited moisture-state root *yer	L-0177-S01	be wet; moist	MAINTAIN is wet/moist; INCREASE is get wetter/soak and DECREASE conventionally reaches dry out.	The endpoint extensions are lexicalized within the scalar REL profile.
L-0178	harta	ˈharta	V	root=hart;root_shape=CVC;grades=a/u/i/e;alignment=fixed_stative;rel_profile=proximity;motion=no	inherited proximity-state root *hart	L-0178-S01	be near; close	MAINTAIN is proximity, INCREASE is become nearer, and DECREASE is become farther.	The predicate encodes distance/state change, not the path of physical approach or departure; actual motion remains MOVE.
